Age,Primary streaming service,Hours per day,While working,Instrumentalist,Composer,Fav genre,Exploratory,Foreign languages,BPM,Frequency [Classical],Frequency [Country],Frequency [EDM],Frequency [Folk],Frequency [Gospel],Frequency [Hip hop],Frequency [Jazz],Frequency [K pop],Frequency [Latin],Frequency [Lofi],Frequency [Metal],Frequency [Pop],Frequency [R&B],Frequency [Rap],Frequency [Rock],Frequency [Video game music],Anxiety,Depression,Insomnia,OCD,Music effects,Musical_Diversity,Listening_Intensity,Creative_Engagement,Work_Integration,Cultural_Openness,BPM_Preference,Lifestyle_Cluster
18.0,Spotify,3.0,1,1,1,Latin,1,1,156.0,1,0,1,0,0,2,0,3,3,1,0,3,2,3,0,2,3.0,0.0,1.0,0.0,,7,3.0,2,1,2,156.0,2
63.0,Pandora,1.5,1,0,0,Rock,1,0,119.0,2,0,0,1,2,1,3,1,2,1,0,2,2,1,3,1,7.0,2.0,2.0,1.0,,7,1.5,0,1,1,119.0,1
18.0,Spotify,4.0,0,0,0,Video game music,0,1,132.0,0,0,3,0,0,1,1,3,0,2,2,1,0,1,1,3,7.0,7.0,10.0,2.0,No effect,5,4.0,0,0,1,132.0,3
61.0,YouTube Music,2.5,1,0,1,Jazz,1,1,84.0,2,0,0,1,2,0,3,2,3,2,0,2,2,0,0,0,9.0,7.0,3.0,3.0,Improve,8,2.5,1,1,2,84.0,2
18.0,Spotify,4.0,1,0,0,R&B,1,0,107.0,0,0,1,0,1,3,0,3,2,2,0,2,3,3,0,1,7.0,2.0,5.0,9.0,Improve,7,4.0,0,1,1,107.0,0
18.0,Spotify,5.0,1,1,1,Jazz,1,1,86.0,1,2,0,0,0,2,3,3,1,3,1,3,3,3,3,0,8.0,8.0,7.0,7.0,Improve,9,5.0,2,1,2,86.0,2
18.0,YouTube Music,3.0,1,1,0,Video game music,1,1,66.0,2,0,1,2,1,1,2,0,1,1,1,1,1,0,0,2,4.0,8.0,6.0,0.0,Improve,4,3.0,1,1,2,66.0,2
21.0,Spotify,1.0,1,0,0,K pop,1,1,95.0,0,0,1,0,0,3,1,3,0,2,0,2,2,1,0,1,5.0,3.0,5.0,3.0,Improve,5,1.0,0,1,2,95.0,0
19.0,Spotify,6.0,1,0,0,Rock,0,0,94.0,0,3,0,2,0,0,0,0,0,0,3,0,0,0,3,0,2.0,0.0,0.0,0.0,Improve,4,6.0,0,1,0,94.0,1
18.0,I do not use a streaming service.,1.0,1,0,0,R&B,1,1,155.0,1,1,1,1,2,1,1,0,1,1,0,2,2,1,2,2,2.0,2.0,5.0,1.0,Improve,5,1.0,0,1,2,155.0,4
18.0,Spotify,3.0,1,1,0,Country,1,0,,0,3,0,0,0,0,0,0,0,0,0,1,1,0,1,0,7.0,7.0,4.0,7.0,No effect,1,3.0,1,1,1,120.0,1
19.0,YouTube Music,8.0,1,0,0,EDM,1,0,125.0,1,0,3,0,0,2,1,1,1,1,0,1,1,2,1,1,1.0,0.0,0.0,1.0,Improve,3,8.0,0,1,1,125.0,1
,Spotify,3.0,1,0,0,Hip hop,1,1,,1,0,1,0,0,3,0,2,0,3,0,2,2,1,1,0,9.0,3.0,2.0,7.0,Improve,5,3.0,0,1,2,120.0,0
19.0,Spotify,2.0,1,0,0,Country,1,0,88.0,0,3,1,2,0,2,0,0,0,1,0,1,0,3,0,0,2.0,1.0,2.0,0.0,Improve,4,2.0,0,1,1,88.0,1
18.0,Spotify,4.0,1,1,0,Jazz,1,1,148.0,3,1,0,0,0,0,3,0,2,1,2,2,0,0,2,1,6.0,4.0,7.0,0.0,Improve,6,4.0,1,1,2,148.0,4
17.0,Spotify,2.0,0,0,0,Pop,1,1,,1,1,0,0,0,2,1,1,1,1,1,3,1,2,2,1,7.0,5.0,4.0,1.0,Worsen,4,2.0,0,0,2,120.0,3
16.0,Spotify,8.0,1,0,0,Hip hop,1,1,103.0,0,0,0,0,0,3,0,0,0,0,0,0,2,3,0,1,8.0,8.0,4.0,3.0,Improve,3,8.0,0,1,2,103.0,0
16.0,Spotify,12.0,1,0,1,Hip hop,1,1,120.0,1,0,2,1,0,3,1,0,0,0,2,2,1,2,3,0,5.0,7.0,10.0,0.0,Improve,6,12.0,1,1,2,120.0,0
17.0,Spotify,24.0,1,0,0,Rap,1,0,99.0,1,0,0,0,0,2,2,2,1,0,2,1,2,3,3,0,7.0,5.0,0.0,3.0,Improve,7,24.0,0,1,1,99.0,0
15.0,Spotify,3.0,0,0,0,Hip hop,0,0,120.0,0,0,0,0,0,3,1,0,0,0,1,1,2,3,1,0,7.0,3.0,0.0,2.0,Improve,3,3.0,0,0,0,120.0,3
15.0,Apple Music,8.0,1,0,0,Hip hop,1,1,120.0,1,0,2,1,0,3,2,3,2,1,1,3,1,3,2,2,6.0,9.0,3.0,0.0,Improve,9,8.0,0,1,2,120.0,0
17.0,Spotify,4.0,1,0,0,Rap,1,0,125.0,0,1,1,0,0,2,0,0,0,1,1,2,0,3,2,0,10.0,10.0,2.0,4.0,Improve,4,4.0,0,1,1,125.0,1
19.0,I do not use a streaming service.,5.0,1,0,0,R&B,1,1,118.0,1,1,2,3,1,3,2,0,0,1,1,1,3,3,2,1,6.0,7.0,5.0,4.0,Improve,7,5.0,0,1,2,118.0,0
18.0,Spotify,2.0,1,0,0,Pop,0,1,79.0,1,1,2,0,0,1,0,1,2,0,0,3,0,0,0,1,3.0,3.0,8.0,6.0,No effect,3,2.0,0,1,1,79.0,1
16.0,Other streaming service,3.0,1,1,1,Rock,1,1,84.0,1,1,0,1,2,2,2,0,1,0,2,0,2,1,3,2,10.0,6.0,8.0,10.0,Improve,7,3.0,2,1,2,84.0,2
18.0,Spotify,2.0,0,0,0,Pop,1,1,169.0,2,1,1,3,1,1,1,3,0,2,0,3,2,2,2,0,7.0,4.0,2.0,5.0,Improve,8,2.0,0,0,2,169.0,3
14.0,Spotify,12.0,1,1,1,Rock,1,1,136.0,2,2,1,1,1,3,2,0,0,3,0,3,3,3,3,2,8.0,6.0,10.0,5.0,Improve,10,12.0,2,1,2,136.0,2
18.0,YouTube Music,6.0,1,1,1,Pop,0,1,101.0,2,1,1,1,1,2,2,0,0,0,0,3,2,2,0,0,3.0,2.0,1.0,2.0,Improve,6,6.0,2,1,1,101.0,2
17.0,Spotify,2.0,1,1,0,Pop,1,1,126.0,0,3,1,1,0,0,1,2,3,1,1,3,1,0,2,2,6.0,6.0,4.0,5.0,Improve,6,2.0,1,1,2,126.0,2
17.0,Apple Music,1.0,1,0,0,Pop,1,0,183.0,1,0,0,1,0,0,2,0,0,0,2,2,0,0,2,0,8.0,2.0,1.0,5.0,Improve,4,1.0,0,1,1,183.0,4
20.0,Apple Music,5.0,1,1,0,Rock,1,1,,0,1,1,3,0,3,2,0,2,2,3,2,2,2,3,1,7.0,7.0,2.0,0.0,Improve,10,5.0,1,1,2,120.0,2
19.0,Spotify,2.0,1,0,0,Classical,0,0,120.0,3,0,0,0,0,1,1,0,0,2,0,3,0,0,0,3,4.0,4.0,4.0,3.0,No effect,4,2.0,0,1,0,120.0,1
19.0,Spotify,6.0,1,1,0,Metal,1,1,,0,0,0,1,0,1,2,1,0,2,3,2,0,0,2,2,9.0,8.0,2.0,3.0,Improve,6,6.0,1,1,2,120.0,2
17.0,Spotify,4.0,0,0,0,Rock,1,1,142.0,1,1,1,3,0,2,1,1,0,1,1,3,1,2,3,1,5.0,6.0,6.0,1.0,Improve,5,4.0,0,0,2,142.0,3
16.0,Spotify,1.0,1,0,0,Classical,0,0,75.0,3,0,0,1,0,0,0,0,0,0,1,0,0,0,0,1,0.0,0.0,0.0,0.0,No effect,1,1.0,0,1,0,75.0,1
18.0,Spotify,5.0,1,1,0,Pop,1,0,120.0,2,1,2,1,2,2,1,2,1,2,1,3,2,2,1,0,3.0,2.0,1.0,1.0,Improve,9,5.0,1,1,1,120.0,2
21.0,Spotify,4.0,1,0,0,Pop,0,1,89.0,0,0,1,0,0,2,0,1,1,0,0,3,0,1,0,0,6.0,8.0,0.0,2.0,Improve,2,4.0,0,1,1,89.0,1
17.0,Other streaming service,3.0,1,0,0,Pop,1,0,,0,0,2,0,0,3,1,2,0,0,1,3,2,3,3,0,2.0,0.0,4.0,0.0,No effect,7,3.0,0,1,1,120.0,0
26.0,Other streaming service,0.5,0,0,0,Rock,0,1,140.0,1,0,1,2,0,0,1,0,0,0,0,1,0,0,3,0,9.0,8.0,1.0,0.0,No effect,2,0.5,0,0,1,140.0,3
20.0,Spotify,4.0,1,0,0,EDM,1,0,161.0,1,1,3,2,1,2,1,2,0,2,1,3,3,2,3,1,7.0,2.0,8.0,6.0,Improve,9,4.0,0,1,1,161.0,4
23.0,YouTube Music,2.0,1,1,1,Video game music,1,0,80.0,2,1,0,1,2,0,2,1,1,1,1,2,2,1,2,3,4.0,2.0,3.0,4.0,Improve,7,2.0,2,1,1,80.0,2
18.0,Spotify,5.0,1,1,0,Rock,1,0,130.0,3,0,0,2,0,2,2,1,0,2,3,2,1,2,3,2,7.0,6.0,5.0,0.0,Improve,10,5.0,1,1,1,130.0,2
37.0,YouTube Music,0.25,0,0,0,Video game music,1,0,147.0,3,1,0,1,0,1,2,0,1,0,0,3,2,0,2,2,3.0,2.0,10.0,0.0,No effect,6,0.25,0,0,1,147.0,3
17.0,Spotify,3.0,1,0,0,Classical,1,1,120.0,3,0,3,0,0,3,2,2,1,2,0,2,3,3,1,2,6.0,6.0,8.0,2.0,Improve,10,3.0,0,1,2,120.0,0
18.0,Spotify,4.0,1,0,0,Metal,1,1,77.0,1,0,0,0,0,3,1,0,0,0,3,2,2,3,3,3,1.0,0.0,8.0,2.0,No effect,7,4.0,0,1,2,77.0,0
17.0,I do not use a streaming service.,1.0,1,1,1,Folk,0,0,118.0,0,2,1,3,0,1,0,0,1,1,1,1,1,2,2,2,7.0,3.0,1.0,5.0,Improve,5,1.0,2,1,0,118.0,2
36.0,Spotify,1.0,0,1,1,Classical,0,0,132.0,3,2,0,1,0,0,0,0,0,0,2,1,0,0,2,0,8.0,9.0,3.0,0.0,No effect,4,1.0,2,0,0,132.0,3
24.0,Spotify,3.0,1,0,0,Rock,1,1,115.0,1,0,1,2,0,0,0,1,0,3,1,2,0,0,3,2,9.0,6.0,4.0,3.0,Improve,5,3.0,0,1,2,115.0,0
18.0,Spotify,5.0,1,0,1,Metal,1,1,157.0,0,0,1,1,0,3,1,0,1,1,3,2,1,3,3,0,7.0,9.0,5.0,0.0,Improve,5,5.0,1,1,2,157.0,4
19.0,Spotify,3.0,1,0,0,Pop,0,1,90.0,2,1,2,0,0,3,2,1,0,2,1,3,2,2,2,2,7.0,4.0,2.0,4.0,No effect,10,3.0,0,1,1,90.0,0
17.0,Apple Music,2.0,1,1,0,EDM,1,0,128.0,0,1,3,0,0,1,0,0,1,1,3,2,2,2,3,1,0.0,0.0,0.0,0.0,Improve,6,2.0,1,1,1,128.0,2
16.0,Spotify,6.0,1,0,0,K pop,1,1,169.0,1,0,0,1,2,3,1,3,3,3,0,2,3,3,1,0,7.0,8.0,7.0,5.0,Improve,8,6.0,0,1,2,169.0,4
23.0,Apple Music,1.0,0,0,0,Rap,0,1,140.0,2,1,2,1,0,3,3,0,0,0,2,1,1,3,3,1,10.0,6.0,3.0,10.0,No effect,7,1.0,0,0,1,140.0,3
23.0,Spotify,12.0,1,0,0,Pop,1,1,96.0,3,1,0,3,0,1,2,1,1,1,0,3,2,1,1,0,3.0,7.0,5.0,5.0,No effect,5,12.0,0,1,2,96.0,0
22.0,Spotify,4.0,1,0,1,Rock,1,1,126.0,1,0,1,2,0,1,1,0,0,1,2,3,2,1,3,1,8.0,7.0,4.0,3.0,Improve,5,4.0,1,1,2,126.0,2
16.0,Apple Music,2.0,1,1,0,Classical,1,0,,3,0,0,0,0,1,2,0,0,0,0,1,1,1,2,1,0.0,0.0,1.0,3.0,Improve,3,2.0,1,1,1,120.0,1
18.0,Spotify,6.0,1,0,0,Rock,1,0,91.0,1,0,0,1,0,0,0,0,0,0,3,1,0,2,3,0,8.0,6.0,2.0,10.0,No effect,3,6.0,0,1,1,91.0,1
42.0,I do not use a streaming service.,0.0,0,0,0,Rock,0,1,,1,1,0,0,0,0,1,0,0,0,2,1,1,0,2,2,9.0,0.0,10.0,0.0,No effect,3,0.0,0,0,1,120.0,3
23.0,Spotify,7.0,1,0,0,Folk,1,1,55.0,1,3,0,3,3,2,1,0,1,0,2,2,1,1,1,2,6.0,4.0,2.0,3.0,Improve,7,7.0,0,1,2,55.0,0
23.0,I do not use a streaming service.,1.0,1,1,0,Video game music,0,0,85.0,2,2,2,1,0,1,2,1,1,3,0,2,3,1,2,3,7.0,0.0,0.0,2.0,Improve,9,1.0,1,1,0,85.0,1
19.0,YouTube Music,1.0,0,1,0,K pop,1,1,160.0,0,0,0,0,0,0,2,3,0,0,0,0,0,0,0,1,10.0,1.0,0.0,0.0,Improve,2,1.0,1,0,2,160.0,3
22.0,Pandora,1.0,0,1,0,Rock,1,0,108.0,1,0,2,1,0,0,3,0,0,0,0,2,1,0,3,1,8.0,7.0,0.0,5.0,Improve,4,1.0,1,0,1,108.0,3
15.0,Other streaming service,2.0,1,1,0,Rock,0,0,156.0,0,0,1,1,0,0,0,0,0,1,2,2,0,0,3,2,3.0,2.0,6.0,7.0,Improve,4,2.0,1,1,0,156.0,1
25.0,Spotify,2.0,0,0,0,Metal,0,1,170.0,1,1,1,2,0,1,0,1,0,1,3,2,0,1,3,3,5.0,5.0,3.0,1.0,No effect,5,2.0,0,0,1,170.0,3
32.0,Spotify,5.0,1,0,0,Rock,0,1,91.0,2,0,1,2,0,2,1,1,0,0,3,3,3,1,3,0,10.0,10.0,3.0,1.0,Worsen,7,5.0,0,1,1,91.0,0
36.0,Spotify,6.0,1,0,0,Metal,1,1,174.0,3,0,1,3,0,0,0,2,0,1,3,1,0,0,2,3,5.0,4.0,10.0,2.0,Improve,6,6.0,0,1,2,174.0,4
24.0,Spotify,3.0,0,0,0,Rock,1,1,130.0,2,2,0,1,0,0,1,0,1,0,3,3,0,0,3,0,0.0,0.0,8.0,0.0,No effect,5,3.0,0,0,2,130.0,3
29.0,Spotify,4.0,0,0,0,Hip hop,1,0,140.0,1,2,1,0,1,3,1,1,1,1,0,2,2,2,2,0,8.0,8.0,5.0,10.0,Improve,6,4.0,0,0,1,140.0,3
41.0,Apple Music,3.0,1,1,1,Metal,1,1,130.0,2,0,2,0,0,1,1,0,0,2,2,2,0,1,1,0,10.0,7.0,8.0,0.0,Improve,5,3.0,2,1,2,130.0,2
36.0,I do not use a streaming service.,2.0,1,1,1,Rock,1,0,127.0,2,1,3,2,1,1,3,0,0,0,3,2,1,1,3,2,7.0,3.0,1.0,1.0,Improve,8,2.0,2,1,1,127.0,2
19.0,YouTube Music,3.0,1,0,0,Rock,1,0,160.0,1,2,2,1,0,2,1,0,2,2,2,2,3,3,3,1,8.0,7.0,4.0,0.0,Improve,10,3.0,0,1,1,160.0,4
31.0,Spotify,2.0,1,0,0,Rock,1,1,,0,2,0,1,2,0,2,1,0,0,2,3,0,0,3,0,10.0,2.0,0.0,5.0,No effect,6,2.0,0,1,2,120.0,0
16.0,Spotify,4.0,1,0,0,Rock,0,1,,2,1,1,2,0,1,1,1,1,2,2,3,1,1,3,3,9.0,8.0,1.0,2.0,Improve,7,4.0,0,1,1,120.0,0
26.0,Spotify,2.0,1,1,1,Hip hop,1,1,165.0,1,1,3,1,1,3,1,1,1,1,1,2,1,3,3,1,6.0,3.0,1.0,1.0,Improve,5,2.0,2,1,2,165.0,2
22.0,Apple Music,0.5,0,0,0,Hip hop,0,0,113.0,2,0,0,0,0,3,1,0,1,0,0,2,2,3,0,0,7.0,7.0,0.0,1.0,No effect,5,0.5,0,0,0,113.0,3
16.0,Spotify,5.0,1,1,1,Jazz,1,1,167.0,2,1,0,0,1,1,3,3,1,0,0,3,1,3,2,0,7.0,7.0,8.0,4.0,Improve,6,5.0,2,1,2,167.0,2
17.0,Spotify,5.0,1,0,0,Metal,1,1,95.0,0,2,1,1,0,0,0,0,0,0,3,1,0,0,3,2,4.0,1.0,0.0,0.0,Improve,4,5.0,0,1,2,95.0,0
19.0,Spotify,10.0,1,0,0,R&B,1,1,110.0,0,1,3,0,0,2,0,3,0,0,0,1,3,1,0,0,7.0,2.0,1.0,5.0,Improve,4,10.0,0,1,2,110.0,0
18.0,YouTube Music,2.0,0,0,0,EDM,0,1,150.0,2,1,3,0,1,1,1,0,0,2,0,3,1,2,1,3,9.0,0.0,5.0,10.0,Improve,6,2.0,0,0,1,150.0,3
18.0,YouTube Music,4.0,1,0,0,Hip hop,1,1,93.0,0,0,1,0,0,3,2,2,1,2,0,3,3,3,2,1,2.0,7.0,1.0,1.0,Improve,8,4.0,0,1,2,93.0,0
19.0,Spotify,5.0,0,1,1,Rock,1,1,90.0,1,0,0,1,0,2,3,0,3,1,2,1,2,1,3,1,10.0,8.0,7.0,0.0,Improve,6,5.0,2,0,2,90.0,2
19.0,Spotify,3.0,1,0,0,Jazz,1,0,118.0,1,0,1,0,0,3,3,1,2,3,0,2,2,2,1,3,3.0,0.0,0.0,0.0,Improve,8,3.0,0,1,1,118.0,0
22.0,Spotify,2.0,1,0,0,K pop,1,1,126.0,0,0,3,0,0,2,0,3,0,0,0,2,0,2,3,1,7.0,8.0,5.0,1.0,No effect,6,2.0,0,1,2,126.0,0
16.0,Spotify,2.5,1,1,1,Rock,1,1,103.0,1,2,0,3,0,1,2,0,2,2,1,3,1,0,3,1,2.0,1.0,0.0,0.0,Improve,7,2.5,2,1,2,103.0,2
19.0,Spotify,3.0,1,0,0,R&B,1,1,77.0,1,0,2,0,0,3,1,3,1,1,1,3,3,3,1,3,5.0,4.0,0.0,1.0,Improve,7,3.0,0,1,2,77.0,0
37.0,Spotify,1.0,1,0,0,Rock,0,0,115.0,1,1,1,1,0,1,1,1,0,1,1,2,1,1,3,0,9.0,10.0,6.0,10.0,No effect,2,1.0,0,1,0,115.0,1
14.0,Spotify,7.0,1,1,0,Jazz,0,0,110.0,1,0,3,0,0,0,3,0,2,0,0,2,0,0,3,3,2.0,0.0,0.0,0.0,Improve,6,7.0,1,1,0,110.0,1
33.0,I do not use a streaming service.,1.0,0,0,0,Metal,0,1,,1,2,2,0,0,2,0,0,1,0,3,2,1,2,2,2,5.0,2.0,5.0,1.0,Improve,8,1.0,0,0,1,120.0,3
26.0,Spotify,1.0,0,0,0,R&B,0,0,113.0,1,2,0,2,0,3,3,0,0,0,3,3,3,3,3,0,3.0,2.0,0.0,0.0,No effect,9,1.0,0,0,0,113.0,3
32.0,Spotify,3.0,1,0,0,Hip hop,0,0,157.0,0,0,1,0,0,3,0,0,2,1,0,2,3,3,1,0,2.0,0.0,7.0,0.0,No effect,5,3.0,0,1,0,157.0,1
30.0,Spotify,5.0,1,1,0,Metal,1,0,160.0,2,1,0,2,0,1,0,0,0,0,3,2,0,0,3,0,7.0,6.0,6.0,2.0,No effect,5,5.0,1,1,1,160.0,4
43.0,I do not use a streaming service.,6.0,1,1,1,Video game music,1,1,109.0,2,1,3,1,1,1,1,2,1,3,1,2,1,0,2,3,5.0,4.0,8.0,3.0,No effect,7,6.0,2,1,2,109.0,2
24.0,Spotify,4.0,1,0,0,Classical,1,1,175.0,3,1,1,0,0,1,1,0,0,0,2,3,1,0,3,1,4.0,6.0,5.0,3.0,Improve,4,4.0,0,1,2,175.0,4
36.0,YouTube Music,1.0,1,0,0,Rock,1,0,110.0,2,1,0,0,0,0,0,0,0,0,1,2,1,1,3,0,6.0,2.0,3.0,1.0,Improve,3,1.0,0,1,1,110.0,1
19.0,YouTube Music,4.0,1,0,0,Video game music,1,0,162.0,1,0,1,0,0,1,2,0,0,2,0,2,0,0,1,3,8.0,2.0,1.0,6.0,Improve,4,4.0,0,1,1,162.0,4
22.0,Spotify,10.0,1,0,0,Metal,1,1,189.0,1,3,0,3,0,0,1,0,0,0,3,1,0,1,2,2,9.0,6.0,0.0,6.0,Improve,5,10.0,0,1,2,189.0,4
20.0,Spotify,3.0,0,0,1,EDM,1,1,121.0,1,2,3,0,0,2,0,1,0,2,0,2,0,2,2,1,0.0,3.0,7.0,0.0,Improve,7,3.0,1,0,2,121.0,3
31.0,Spotify,2.0,0,0,0,Rock,1,0,200.0,1,1,0,1,0,1,1,0,0,1,2,2,0,1,3,0,8.0,9.0,6.0,2.0,Improve,3,2.0,0,0,1,200.0,3
19.0,Spotify,4.0,1,0,0,Metal,1,1,105.0,2,0,0,0,0,2,2,1,0,0,2,2,1,2,3,1,4.0,1.0,1.0,1.0,Improve,7,4.0,0,1,2,105.0,0
15.0,Spotify,8.0,1,0,0,Rock,0,0,193.0,0,0,0,0,0,0,0,0,0,0,2,1,0,0,3,1,8.0,7.0,5.0,0.0,Improve,2,8.0,0,1,0,193.0,4
18.0,Spotify,2.0,0,1,1,Metal,1,1,149.0,0,0,1,0,0,2,0,0,0,0,3,2,0,1,3,1,3.0,4.0,6.0,1.0,Improve,4,2.0,2,0,2,149.0,3
25.0,I do not use a streaming service.,0.5,0,1,0,Classical,0,0,140.0,3,0,0,0,1,0,2,0,2,0,1,1,1,0,3,2,1.0,1.0,3.0,1.0,Improve,5,0.5,1,0,0,140.0,3
17.0,Apple Music,5.0,1,0,0,Metal,1,0,134.0,0,1,0,0,0,2,0,0,0,1,3,2,2,2,3,1,10.0,8.0,6.0,7.0,No effect,6,5.0,0,1,1,134.0,1
28.0,YouTube Music,1.0,0,0,0,Rock,1,0,120.0,1,0,3,2,0,0,0,0,0,1,1,1,0,0,2,1,6.0,6.0,2.0,0.0,No effect,3,1.0,0,0,1,120.0,3
20.0,Spotify,3.0,1,0,0,Rock,1,1,170.0,0,0,1,0,0,1,0,2,0,1,1,2,2,1,3,2,6.0,7.0,0.0,0.0,Improve,5,3.0,0,1,2,170.0,4
21.0,YouTube Music,2.0,1,1,0,Metal,1,1,107.0,2,1,0,3,0,0,1,0,0,1,3,1,0,1,2,3,8.0,4.0,10.0,0.0,No effect,5,2.0,1,1,2,107.0,2
41.0,Spotify,3.0,1,0,0,Pop,0,1,113.0,2,0,1,1,1,3,2,1,1,0,1,3,3,2,3,0,9.0,7.0,6.0,2.0,No effect,7,3.0,0,1,1,113.0,0
20.0,Spotify,2.0,1,1,0,Pop,1,0,126.0,0,0,2,0,0,1,0,0,0,0,0,3,0,1,3,2,7.0,4.0,6.0,5.0,Improve,4,2.0,1,1,1,126.0,1
34.0,Other streaming service,4.0,1,0,0,Metal,1,1,161.0,1,0,2,0,0,2,1,0,0,0,3,1,0,2,2,1,6.0,7.0,0.0,0.0,No effect,5,4.0,0,1,2,161.0,4
21.0,YouTube Music,3.0,1,0,1,Metal,1,0,,2,1,0,2,0,0,0,0,0,0,3,3,0,0,3,1,10.0,0.0,10.0,10.0,Improve,5,3.0,1,1,1,120.0,1
23.0,Spotify,2.0,1,0,0,Metal,1,1,100.0,1,0,0,1,0,0,0,0,0,2,3,1,0,0,2,1,6.0,3.0,0.0,1.0,Improve,3,2.0,0,1,2,100.0,0
16.0,Spotify,3.0,0,0,0,Pop,0,0,140.0,1,0,0,0,0,2,1,0,1,0,0,3,2,1,0,0,7.0,5.0,5.0,3.0,Improve,3,3.0,0,0,0,140.0,3
19.0,YouTube Music,4.0,1,0,0,Pop,1,0,156.0,1,1,1,1,0,2,1,1,0,0,1,3,1,2,2,2,7.0,10.0,5.0,0.0,Improve,5,4.0,0,1,1,156.0,4
22.0,Spotify,2.0,1,1,0,Rock,1,1,98.0,2,0,0,1,0,2,2,0,2,1,1,3,2,2,3,2,8.0,6.0,0.0,0.0,Improve,9,2.0,1,1,2,98.0,2
19.0,Spotify,8.0,1,0,0,K pop,1,1,100.0,3,0,1,0,0,2,2,3,0,3,0,3,2,1,1,1,4.0,3.0,0.0,0.0,Improve,7,8.0,0,1,2,100.0,0
23.0,Spotify,4.0,1,0,0,Hip hop,1,1,78.0,1,0,2,2,0,3,1,3,2,3,1,3,3,3,2,2,7.0,6.0,7.0,5.0,Improve,11,4.0,0,1,2,78.0,0
23.0,Spotify,2.0,0,1,0,Metal,0,1,117.0,0,0,1,0,0,1,1,0,0,0,3,0,0,1,2,0,7.0,3.0,2.0,3.0,Improve,2,2.0,1,0,1,117.0,3
22.0,Spotify,1.0,0,0,1,EDM,1,0,128.0,0,0,3,0,1,2,2,0,0,0,0,3,3,2,2,0,2.0,7.0,5.0,0.0,Improve,7,1.0,1,0,1,128.0,3
17.0,Spotify,3.0,1,0,0,Rock,1,0,130.0,1,2,2,2,0,1,1,1,0,3,2,3,3,2,3,2,7.0,8.0,6.0,5.0,Improve,10,3.0,0,1,1,130.0,0
28.0,Spotify,0.5,0,0,0,Folk,1,0,130.0,1,2,0,3,0,1,1,0,0,0,0,2,0,1,3,1,4.0,7.0,1.0,0.0,Improve,4,0.5,0,0,1,130.0,3
23.0,Spotify,2.0,0,0,0,Rock,1,1,,0,0,0,0,0,2,0,2,0,0,3,3,0,2,3,2,7.0,8.0,5.0,1.0,No effect,7,2.0,0,0,2,120.0,3
19.0,Apple Music,3.0,1,0,0,Rock,1,1,126.0,0,2,2,0,0,3,0,0,0,1,1,1,1,2,3,2,5.0,2.0,8.0,6.0,Improve,6,3.0,0,1,2,126.0,0
17.0,Spotify,2.0,1,1,1,Hip hop,1,1,122.0,1,0,2,2,0,3,2,1,1,1,3,1,1,3,3,0,10.0,7.0,4.0,2.0,Improve,7,2.0,2,1,2,122.0,2
21.0,YouTube Music,1.0,0,0,0,Rock,1,0,179.0,0,1,0,1,0,2,1,0,0,3,2,1,2,2,3,1,6.0,5.0,0.0,0.0,No effect,6,1.0,0,0,1,179.0,3
29.0,Other streaming service,5.0,1,0,0,Jazz,1,1,200.0,1,0,0,1,0,0,3,0,1,1,1,0,2,0,3,2,7.0,2.0,3.0,1.0,Improve,4,5.0,0,1,2,200.0,4
22.0,Spotify,10.0,0,1,1,EDM,0,1,128.0,2,2,3,3,0,0,1,0,0,0,1,0,1,0,2,2,4.0,7.0,7.0,3.0,Improve,6,10.0,2,0,1,128.0,2
18.0,Spotify,4.0,1,1,1,Pop,1,1,130.0,2,1,2,1,0,1,2,2,2,2,3,3,1,1,3,3,4.0,5.0,6.0,5.0,Improve,10,4.0,2,1,2,130.0,2
13.0,Spotify,2.0,1,1,1,Rock,1,0,120.0,1,0,2,3,1,2,0,0,0,2,2,3,1,3,3,3,7.0,10.0,5.0,6.0,Worsen,9,2.0,2,1,1,120.0,2
24.0,Spotify,1.0,0,0,0,Metal,1,0,86.0,2,0,1,1,0,1,0,0,0,0,3,2,2,2,3,1,6.0,4.0,5.0,0.0,Improve,6,1.0,0,0,1,86.0,3
35.0,Spotify,6.0,1,0,0,Rock,1,1,166.0,2,1,2,3,0,1,2,1,1,2,2,2,1,1,3,2,4.0,1.0,3.0,1.0,No effect,9,6.0,0,1,2,166.0,4
29.0,YouTube Music,1.0,1,1,0,Video game music,1,0,110.0,2,0,0,1,2,0,1,0,0,0,0,2,1,0,2,2,6.0,6.0,1.0,2.0,Improve,5,1.0,1,1,1,110.0,1
28.0,Spotify,6.0,1,0,0,Rock,0,0,144.0,2,1,0,2,0,1,1,0,1,1,2,2,2,1,3,3,10.0,8.0,7.0,1.0,Improve,7,6.0,0,1,0,144.0,1
32.0,Spotify,7.0,1,0,0,Pop,1,1,120.0,2,0,1,0,0,2,1,0,0,1,1,3,3,3,3,3,10.0,8.0,2.0,8.0,Improve,7,7.0,0,1,2,120.0,0
32.0,Other streaming service,1.0,0,0,0,EDM,1,0,120.0,1,0,3,1,1,2,1,0,1,1,0,2,1,1,1,0,3.0,6.0,2.0,0.0,No effect,3,1.0,0,0,1,120.0,3
21.0,Spotify,3.0,1,1,0,Rock,1,0,160.0,0,0,0,3,0,2,0,0,0,2,3,1,0,1,3,2,8.0,9.0,2.0,0.0,Improve,6,3.0,1,1,1,160.0,4
18.0,Spotify,2.0,1,1,0,Video game music,0,1,101.0,0,0,2,0,0,1,0,0,0,1,0,1,0,0,2,3,8.0,3.0,8.0,7.0,Improve,3,2.0,1,1,1,101.0,1
19.0,Spotify,3.0,1,1,0,Classical,1,0,122.0,3,1,0,0,0,0,0,1,0,2,0,3,0,0,1,2,3.0,3.0,1.0,2.0,Improve,4,3.0,1,1,1,122.0,1
18.0,Apple Music,2.0,1,1,0,Pop,1,1,,1,1,0,0,0,1,0,3,1,1,1,3,1,1,1,0,6.0,5.0,2.0,0.0,Improve,2,2.0,1,1,2,120.0,2
16.0,YouTube Music,3.0,1,0,1,Pop,0,0,,1,2,2,0,0,1,0,2,0,2,0,3,0,1,3,1,0.0,0.0,4.0,0.0,No effect,6,3.0,1,1,0,120.0,1
25.0,Spotify,1.5,1,0,0,Pop,0,0,61.0,2,1,1,2,0,1,0,0,0,1,1,3,3,1,3,0,6.0,5.0,0.0,2.0,Improve,5,1.5,0,1,0,61.0,1
17.0,Spotify,4.0,1,0,0,Lofi,1,1,79.0,3,0,0,0,2,2,1,2,0,3,0,3,2,2,1,3,3.0,8.0,0.0,0.0,Improve,9,4.0,0,1,2,79.0,0
16.0,Spotify,2.0,1,0,0,Rap,1,1,126.0,3,0,0,0,0,3,0,2,0,1,0,3,3,3,0,2,1.0,8.0,0.0,0.0,No effect,7,2.0,0,1,2,126.0,0
27.0,Spotify,10.0,1,0,0,Metal,1,1,185.0,2,0,2,0,0,2,1,0,0,1,3,3,1,2,3,1,5.0,6.0,6.0,3.0,Improve,7,10.0,0,1,2,185.0,4
53.0,Spotify,7.0,1,0,0,Pop,1,1,92.0,3,2,3,1,1,2,2,1,2,1,1,3,3,1,3,1,0.0,0.0,0.0,0.0,Improve,9,7.0,0,1,2,92.0,0
25.0,Spotify,1.0,1,0,0,EDM,0,0,107.0,0,0,3,0,0,1,0,1,0,1,0,0,0,0,1,1,0.0,8.0,0.0,0.0,Improve,1,1.0,0,1,0,107.0,1
34.0,Spotify,2.0,0,0,0,Metal,0,0,120.0,0,0,1,0,0,0,0,0,0,0,3,1,0,0,2,0,3.0,7.0,0.0,0.0,Improve,2,2.0,0,0,0,120.0,3
22.0,Other streaming service,6.0,1,1,1,Jazz,1,1,140.0,2,1,3,3,1,3,3,1,2,2,2,3,3,3,2,2,8.0,8.0,8.0,5.0,Improve,13,6.0,2,1,2,140.0,2
17.0,Spotify,2.0,1,1,1,Jazz,1,0,94.0,2,0,0,0,0,1,2,0,0,1,2,3,0,1,3,1,5.0,2.0,3.0,4.0,Improve,5,2.0,2,1,1,94.0,2
26.0,Spotify,3.0,1,1,0,Folk,1,0,160.0,1,1,0,3,1,1,2,0,0,1,1,2,2,1,2,2,8.0,8.0,3.0,0.0,Improve,6,3.0,1,1,1,160.0,4
19.0,Spotify,8.0,1,0,0,EDM,1,0,174.0,0,0,3,0,0,2,0,1,0,0,1,2,2,2,2,0,6.0,8.0,8.0,0.0,Improve,6,8.0,0,1,1,174.0,4
21.0,Spotify,3.0,1,0,0,Pop,1,1,136.0,1,3,2,1,0,3,1,0,3,2,1,3,3,3,2,2,6.0,8.0,6.0,0.0,Worsen,10,3.0,0,1,2,136.0,0
32.0,Spotify,3.0,1,1,1,Rock,1,1,144.0,1,1,2,3,0,2,1,0,2,3,1,2,3,1,3,1,6.0,6.0,7.0,5.0,Improve,8,3.0,2,1,2,144.0,2
21.0,I do not use a streaming service.,3.0,1,0,0,Rock,0,0,77.0,0,0,0,2,2,2,2,0,1,0,1,1,1,2,3,3,9.0,10.0,3.0,0.0,No effect,7,3.0,0,1,0,77.0,1
25.0,Spotify,2.0,0,1,0,Pop,0,0,120.0,1,0,0,1,0,2,0,0,2,0,0,3,2,3,3,1,7.0,7.0,5.0,0.0,Improve,6,2.0,1,0,0,120.0,3
26.0,Spotify,1.0,0,0,0,Rock,0,0,,1,0,1,1,0,1,1,0,0,1,2,2,1,2,3,0,10.0,7.0,2.0,8.0,No effect,4,1.0,0,0,0,120.0,3
21.0,Spotify,2.0,1,1,0,Metal,1,1,,1,0,0,2,0,1,0,0,0,1,3,1,0,1,3,2,1.0,3.0,0.0,6.0,No effect,4,2.0,1,1,2,120.0,2
17.0,Spotify,2.0,1,1,0,Pop,0,1,,1,0,0,0,0,1,3,3,0,3,0,3,3,2,0,2,5.0,3.0,2.0,1.0,Improve,7,2.0,1,1,1,120.0,2
28.0,I do not use a streaming service.,4.0,1,0,0,Rock,1,1,194.0,1,2,1,1,0,2,2,1,0,0,2,2,1,1,3,2,6.0,8.0,1.0,6.0,Improve,7,4.0,0,1,2,194.0,4
41.0,YouTube Music,4.0,1,0,0,Pop,1,0,60.0,1,0,2,3,0,3,2,1,1,2,1,3,3,2,3,1,7.0,2.0,0.0,7.0,Improve,9,4.0,0,1,1,60.0,0
18.0,Spotify,1.0,1,1,0,Metal,1,1,190.0,1,0,1,0,0,2,0,0,0,0,3,1,0,2,3,2,6.0,9.0,9.0,0.0,Improve,5,1.0,1,1,2,190.0,4
22.0,Spotify,2.0,0,0,0,R&B,0,1,87.0,2,0,0,0,0,1,0,3,3,2,0,2,3,1,1,2,1.0,1.0,4.0,1.0,No effect,7,2.0,0,0,1,87.0,3
18.0,Other streaming service,2.0,1,0,0,K pop,0,1,122.0,1,0,0,0,0,0,0,3,0,1,0,3,2,0,0,0,0.0,2.0,0.0,0.0,,3,2.0,0,1,1,122.0,1
49.0,Other streaming service,1.0,1,0,0,EDM,1,0,156.0,2,0,3,2,0,2,1,1,1,2,2,2,1,1,3,2,8.0,8.0,2.0,0.0,Improve,9,1.0,0,1,1,156.0,4
21.0,Spotify,3.0,1,1,1,Metal,1,0,150.0,2,1,1,2,0,1,1,1,0,2,3,3,1,2,3,2,3.0,3.0,7.0,0.0,No effect,8,3.0,2,1,1,150.0,2
27.0,Spotify,10.0,1,0,0,Metal,1,1,194.0,0,1,2,2,0,2,1,1,1,2,3,3,2,2,3,2,8.0,8.0,3.0,0.0,Improve,10,10.0,0,1,2,194.0,4
19.0,Spotify,1.0,0,0,1,Metal,1,1,160.0,0,0,0,0,0,1,0,0,0,2,3,2,1,1,3,0,6.0,4.0,0.0,3.0,No effect,4,1.0,1,0,2,160.0,3
27.0,Spotify,3.0,1,0,0,Metal,1,1,171.0,2,0,0,1,0,2,1,0,0,1,3,0,1,2,2,1,1.0,0.0,0.0,0.0,Improve,5,3.0,0,1,2,171.0,4
27.0,Spotify,1.5,1,0,0,Rock,0,0,95.0,0,0,0,1,0,2,0,1,0,1,3,2,0,2,3,2,5.0,5.0,4.0,4.0,Improve,6,1.5,0,1,0,95.0,1
19.0,Spotify,3.0,1,1,0,K pop,1,1,114.0,2,0,0,3,1,1,1,3,0,2,0,2,2,1,2,2,8.0,9.0,6.0,0.0,,8,3.0,1,1,2,114.0,2
42.0,YouTube Music,2.5,1,1,0,Rock,0,1,148.0,2,1,3,1,0,2,3,0,1,1,2,1,1,1,2,1,8.0,8.0,7.0,6.0,Improve,6,2.5,1,1,1,148.0,4
60.0,Pandora,2.0,1,0,0,Gospel,0,0,119.0,1,2,0,1,3,0,0,0,1,0,0,2,1,0,2,0,3.0,0.0,2.0,0.0,Improve,4,2.0,0,1,0,119.0,1
19.0,YouTube Music,5.0,1,0,0,Metal,0,1,136.0,2,1,1,2,2,2,1,0,0,3,3,0,0,2,3,2,0.0,5.0,1.0,0.0,No effect,9,5.0,0,1,1,136.0,0
20.0,Apple Music,2.0,1,0,0,Pop,1,0,141.0,1,0,0,1,0,2,1,0,0,2,0,3,2,1,2,1,6.0,3.0,0.0,0.0,Improve,5,2.0,0,1,1,141.0,1
28.0,Spotify,2.0,0,0,1,Metal,0,0,146.0,1,0,0,1,0,1,0,0,0,0,3,1,0,0,2,1,1.0,7.0,5.0,1.0,Improve,2,2.0,1,0,0,146.0,3
16.0,I do not use a streaming service.,2.0,0,1,1,Video game music,1,0,,2,1,0,0,1,2,2,1,0,2,0,2,2,1,1,2,4.0,2.0,1.0,1.0,No effect,7,2.0,2,0,1,120.0,3
18.0,Spotify,2.0,1,0,0,R&B,0,1,164.0,2,0,0,0,0,1,0,0,0,1,0,3,3,1,0,0,5.0,6.0,0.0,1.0,No effect,3,2.0,0,1,1,164.0,4
34.0,Spotify,1.0,1,0,0,Rock,1,1,,1,0,3,0,0,0,0,3,0,1,3,1,0,0,3,3,1.0,0.0,0.0,0.0,No effect,5,1.0,0,1,2,120.0,0
18.0,YouTube Music,1.5,1,0,0,Pop,1,0,,0,1,1,0,0,1,3,2,1,3,0,3,2,1,1,3,8.0,6.0,5.0,2.0,Improve,6,1.5,0,1,1,120.0,1
21.0,Spotify,5.0,1,1,1,Folk,1,1,128.0,2,1,0,3,1,1,2,0,1,2,1,3,2,1,3,1,9.0,4.0,0.0,3.0,Improve,7,5.0,2,1,2,128.0,2
38.0,Spotify,0.5,0,0,0,Rock,1,1,,0,0,1,2,1,2,1,0,2,0,0,3,2,1,3,0,4.0,6.0,6.0,4.0,Improve,6,0.5,0,0,2,120.0,3
17.0,Spotify,2.0,1,0,0,Rock,0,1,,0,1,1,1,0,0,0,1,0,2,1,2,0,1,3,3,7.0,3.0,1.0,5.0,Improve,4,2.0,0,1,1,120.0,1
35.0,Other streaming service,0.5,0,0,0,Pop,0,0,,2,0,0,2,0,0,0,0,0,1,0,3,1,0,2,1,10.0,3.0,1.0,0.0,No effect,4,0.5,0,0,0,120.0,3
21.0,I do not use a streaming service.,2.0,1,0,0,Rock,0,1,101.0,1,2,1,2,0,3,1,0,3,3,3,3,3,3,3,1,8.0,8.0,3.0,0.0,Improve,10,2.0,0,1,1,101.0,0
25.0,Apple Music,2.5,1,0,0,R&B,0,0,,1,0,0,1,1,2,1,0,3,3,1,2,3,2,2,2,7.0,6.0,5.0,4.0,Improve,8,2.5,0,1,0,120.0,1
18.0,Spotify,2.0,1,1,0,K pop,1,1,98.0,3,0,0,1,1,2,2,3,1,3,0,2,3,2,0,1,7.0,2.0,3.0,5.0,Improve,8,2.0,1,1,2,98.0,2
16.0,Apple Music,2.0,0,0,0,Pop,1,0,145.0,0,2,1,2,1,1,0,1,0,2,0,3,1,1,3,1,10.0,3.5,5.0,10.0,Improve,5,2.0,0,0,1,145.0,3
19.0,Spotify,1.0,1,0,0,Pop,1,1,94.0,1,2,1,1,0,2,1,0,0,1,1,3,2,2,3,0,7.0,5.0,1.0,2.0,Improve,6,1.0,0,1,2,94.0,0
31.0,Spotify,4.0,1,1,0,Classical,0,1,103.0,3,0,1,0,1,2,1,0,2,0,2,1,0,2,2,0,6.0,8.0,9.0,5.0,Improve,6,4.0,1,1,1,103.0,2
26.0,Spotify,5.0,1,0,0,Rock,0,0,,0,0,2,0,0,0,0,0,0,0,0,3,0,0,3,0,2.0,9.0,2.0,1.0,No effect,3,5.0,0,1,0,120.0,1
16.0,Spotify,2.0,1,1,1,Rock,0,0,112.0,1,0,3,1,0,0,0,0,0,1,1,2,1,0,3,3,7.0,4.0,10.0,2.0,Improve,4,2.0,2,1,0,112.0,1
26.0,Spotify,2.0,1,1,0,Rock,1,1,,3,1,1,3,0,1,0,0,0,2,2,1,0,1,3,3,7.0,5.0,6.0,0.0,Improve,6,2.0,1,1,2,120.0,2
17.0,Spotify,2.0,1,0,0,R&B,1,1,118.0,1,1,0,0,2,2,1,3,0,1,0,2,3,2,0,1,6.0,1.0,0.0,0.0,Improve,6,2.0,0,1,2,118.0,0
22.0,Spotify,1.0,1,1,0,Video game music,1,1,,2,2,1,3,0,0,0,1,1,0,3,1,0,0,3,3,3.0,6.0,1.0,1.0,Improve,6,1.0,1,1,2,120.0,2
20.0,Apple Music,4.0,1,0,0,R&B,1,1,113.0,2,1,0,1,0,2,2,1,0,1,0,2,3,3,3,1,9.0,10.0,3.0,0.0,Improve,7,4.0,0,1,2,113.0,0
30.0,Spotify,1.0,0,1,0,Rock,1,0,162.0,2,2,1,2,0,1,0,0,0,0,2,2,0,1,3,0,8.0,5.0,8.0,9.0,Improve,6,1.0,1,0,1,162.0,3
26.0,Other streaming service,4.0,1,0,0,Pop,0,0,,1,3,1,0,0,1,1,0,2,0,1,3,1,0,2,0,8.0,7.0,7.0,3.0,Improve,4,4.0,0,1,0,120.0,1
19.0,Spotify,5.0,1,0,0,Rock,1,1,111.0,2,1,0,2,1,1,2,1,1,1,3,2,1,1,3,2,9.0,9.0,9.0,3.0,No effect,7,5.0,0,1,2,111.0,0
21.0,,5.0,1,0,0,Country,1,0,85.0,0,3,1,2,0,1,0,0,0,0,2,2,0,1,3,0,9.0,8.0,9.0,7.0,Improve,5,5.0,0,1,1,85.0,1
33.0,Spotify,7.0,1,0,0,Rock,1,1,134.0,1,2,2,2,1,3,1,1,2,2,2,3,3,3,3,2,9.0,3.0,7.0,8.0,Improve,12,7.0,0,1,2,134.0,0
28.0,YouTube Music,2.0,1,0,0,Rock,1,0,172.0,0,1,1,1,0,2,0,1,0,2,1,2,3,1,3,1,10.0,8.0,6.0,2.0,Improve,5,2.0,0,1,1,172.0,4
25.0,Spotify,3.0,1,0,0,Rock,1,1,180.0,1,0,2,2,0,1,0,1,0,2,3,2,1,1,3,2,9.0,6.0,3.0,0.0,Improve,7,3.0,0,1,2,180.0,4
22.0,YouTube Music,2.0,1,0,0,Pop,0,0,120.0,1,0,1,1,1,1,1,0,0,1,0,3,1,1,2,2,7.0,7.0,8.0,3.0,Improve,3,2.0,0,1,0,120.0,1
19.0,Spotify,3.0,1,0,1,Rock,1,1,76.0,2,0,2,2,0,0,0,0,0,1,1,1,1,0,3,1,9.0,10.0,4.0,0.0,Improve,4,3.0,1,1,2,76.0,2
44.0,Other streaming service,3.0,1,0,0,Folk,1,1,130.0,1,1,1,3,1,2,1,0,1,2,0,1,2,2,1,2,9.0,9.0,8.0,2.0,Improve,6,3.0,0,1,2,130.0,0
22.0,Spotify,3.0,1,0,0,Rock,0,0,,0,1,0,3,0,1,0,0,0,0,3,1,0,0,3,1,9.0,10.0,3.0,9.0,Improve,3,3.0,0,1,0,120.0,1
26.0,Spotify,5.0,1,1,1,Metal,1,1,109.0,2,1,3,1,1,1,2,2,0,1,3,2,2,1,2,2,10.0,9.0,8.0,8.0,Improve,9,5.0,2,1,2,109.0,2
23.0,I do not use a streaming service.,6.0,1,0,1,Classical,0,1,96.0,3,0,0,1,0,0,0,0,1,0,0,1,0,0,0,1,6.0,5.0,6.0,8.0,Improve,1,6.0,1,1,1,96.0,1
17.0,Spotify,2.0,0,0,0,R&B,0,1,148.0,2,0,1,0,0,3,1,1,0,1,0,2,3,2,0,1,8.0,6.0,10.0,3.0,Improve,5,2.0,0,0,1,148.0,3
42.0,YouTube Music,2.0,0,0,0,Metal,1,0,,2,1,2,1,0,2,0,0,0,0,3,2,2,2,3,1,8.0,3.0,6.0,4.0,Improve,8,2.0,0,0,1,120.0,3
30.0,Spotify,1.0,0,1,0,Rock,1,0,129.0,1,0,1,1,0,1,1,0,1,1,1,3,1,1,3,1,4.0,2.0,1.0,3.0,Improve,2,1.0,1,0,1,129.0,3
35.0,Spotify,1.0,1,0,0,Pop,1,1,81.0,2,1,2,1,0,2,1,1,0,0,0,3,1,1,2,1,2.0,1.0,1.0,1.0,No effect,5,1.0,0,1,2,81.0,0
20.0,Spotify,3.0,0,0,0,Rock,1,0,136.0,0,3,0,0,0,0,0,0,0,0,3,3,0,2,3,1,10.0,10.0,7.0,3.0,Improve,5,3.0,0,0,1,136.0,3
18.0,Spotify,3.0,1,0,0,Rap,1,1,155.0,1,0,0,2,0,3,2,0,2,2,0,3,1,3,3,3,8.0,9.0,0.0,0.0,Improve,9,3.0,0,1,2,155.0,4
21.0,Spotify,1.0,0,0,0,Pop,0,1,,0,0,2,0,0,1,0,2,2,1,0,3,2,1,2,1,4.0,9.0,6.0,2.0,No effect,6,1.0,0,0,1,120.0,3
19.0,Spotify,6.0,1,0,0,Rock,1,1,52.0,0,0,1,3,0,1,1,0,3,1,2,3,1,2,3,1,4.0,2.0,0.0,0.0,Improve,6,6.0,0,1,2,52.0,0
37.0,Spotify,4.0,1,0,0,Rock,1,0,97.0,1,2,2,2,0,3,1,0,0,2,2,2,3,3,3,0,9.0,2.0,7.0,7.0,Improve,10,4.0,0,1,1,97.0,0
31.0,Spotify,2.0,1,0,0,Metal,1,1,92.0,2,1,1,2,0,2,1,1,2,3,3,2,2,2,3,3,8.0,6.0,7.0,5.0,Improve,11,2.0,0,1,2,92.0,0
29.0,Spotify,2.0,1,1,0,Folk,1,1,100.0,0,2,1,3,2,1,1,1,1,1,2,1,3,1,3,1,6.0,5.0,4.0,2.0,Improve,6,2.0,1,1,2,100.0,2
20.0,Spotify,3.0,1,0,0,Rock,1,1,120.0,2,1,1,3,0,1,2,0,0,2,2,3,1,1,3,2,8.0,5.0,2.0,3.0,Improve,8,3.0,0,1,2,120.0,0
36.0,I do not use a streaming service.,8.0,1,1,1,Video game music,0,1,143.0,2,1,2,1,0,1,1,0,0,0,3,1,0,1,2,3,7.0,6.0,6.0,1.0,No effect,5,8.0,2,1,1,143.0,2
18.0,Spotify,3.0,1,1,0,Rock,1,0,118.0,2,0,0,1,0,0,2,0,0,1,1,2,0,0,3,1,10.0,2.0,0.0,0.0,Improve,4,3.0,1,1,1,118.0,1
18.0,Spotify,2.0,1,0,0,K pop,1,1,130.0,1,0,2,0,0,0,0,3,0,0,1,2,0,0,1,0,6.0,0.0,0.0,0.0,Improve,3,2.0,0,1,2,130.0,4
25.0,Spotify,7.0,1,0,0,Pop,0,1,120.0,0,2,3,1,1,2,0,3,1,1,1,3,2,2,1,2,2.0,0.0,1.0,0.0,Improve,8,7.0,0,1,1,120.0,0
18.0,YouTube Music,12.0,1,0,0,K pop,1,1,126.0,0,0,0,0,0,2,0,3,2,0,1,3,2,2,1,0,3.0,7.0,5.0,2.0,Improve,6,12.0,0,1,2,126.0,0
31.0,YouTube Music,9.0,1,0,0,Pop,1,1,158.0,1,1,1,2,0,0,1,1,1,3,2,3,0,1,2,2,9.0,0.0,2.0,0.0,Improve,6,9.0,0,1,2,158.0,4
17.0,Spotify,2.0,1,0,0,Pop,1,1,160.0,1,1,1,1,1,2,2,2,0,0,1,3,1,2,2,0,5.0,4.0,1.0,1.0,Improve,6,2.0,0,1,2,160.0,4
21.0,Spotify,1.0,1,0,0,Folk,0,1,,0,1,0,3,0,1,2,0,0,1,1,1,0,0,2,3,8.0,4.0,0.0,1.0,Improve,4,1.0,0,1,1,120.0,1
30.0,Other streaming service,1.0,0,0,0,Country,0,0,119.0,0,3,0,0,0,2,0,0,0,0,0,3,1,2,2,1,8.0,10.0,2.0,0.0,Improve,5,1.0,0,0,0,119.0,3
40.0,Apple Music,2.0,1,0,0,Metal,1,1,120.0,2,0,2,1,0,1,1,0,0,1,3,1,1,1,3,0,3.0,6.0,2.0,1.0,No effect,4,2.0,0,1,2,120.0,0
64.0,I do not use a streaming service.,4.0,1,0,0,Rock,0,0,200.0,2,1,2,1,0,1,2,1,1,0,1,2,1,1,2,1,4.0,4.0,2.0,1.0,Improve,5,4.0,0,1,0,200.0,4
14.0,Spotify,2.0,1,1,0,Rock,1,1,136.0,1,0,0,2,0,2,1,0,0,0,2,3,1,2,3,1,7.0,5.0,2.0,6.0,Improve,6,2.0,1,1,2,136.0,2
26.0,YouTube Music,6.0,1,0,0,Rock,1,0,104.0,2,0,0,1,0,1,2,0,0,0,1,2,0,1,3,0,3.0,2.0,0.0,0.0,No effect,4,6.0,0,1,1,104.0,1
35.0,Spotify,4.0,1,1,1,Country,1,1,90.0,1,3,1,2,1,3,2,1,2,2,2,2,1,2,3,0,9.0,9.0,5.0,1.0,Improve,10,4.0,2,1,2,90.0,2
33.0,Other streaming service,1.0,0,0,0,Rock,0,0,120.0,0,0,0,0,0,2,0,0,1,0,0,2,1,1,3,0,3.0,10.0,4.0,1.0,No effect,3,1.0,0,0,0,120.0,3
30.0,Spotify,6.0,1,0,0,Folk,1,1,89.0,2,1,0,3,1,0,1,0,0,2,2,1,0,0,3,0,9.0,0.0,5.0,0.0,No effect,5,6.0,0,1,2,89.0,0
31.0,Spotify,2.0,0,1,0,Metal,1,0,95.0,2,2,2,1,0,1,0,0,0,1,3,3,1,2,3,2,7.0,6.0,6.0,5.0,Improve,8,2.0,1,0,1,95.0,3
27.0,Spotify,5.0,1,0,1,Folk,1,1,140.0,1,0,2,3,2,1,1,2,2,3,2,3,2,0,3,3,0.0,9.0,4.0,0.0,Improve,11,5.0,1,1,2,140.0,2
53.0,I do not use a streaming service.,1.5,0,0,0,Pop,1,1,92.0,1,0,3,2,0,2,0,1,2,0,0,3,1,2,2,0,2.0,2.0,2.0,1.0,No effect,7,1.5,0,0,2,92.0,3
23.0,Spotify,5.0,1,1,1,Metal,1,1,120.0,2,1,0,1,0,0,1,0,0,0,3,1,0,0,3,0,6.0,9.0,2.0,1.0,Improve,3,5.0,2,1,2,120.0,2
25.0,Spotify,2.0,1,0,1,EDM,1,0,128.0,1,1,3,1,0,2,2,2,0,1,3,3,1,2,3,1,6.0,4.0,1.0,0.0,Improve,8,2.0,1,1,1,128.0,2
16.0,Apple Music,4.0,1,1,0,K pop,1,1,140.0,3,1,1,2,1,3,2,3,2,3,3,3,2,1,2,1,8.0,9.0,4.0,0.0,Improve,11,4.0,1,1,2,140.0,2
18.0,Spotify,2.0,1,1,1,Rock,1,0,,0,0,1,1,0,1,0,0,0,1,0,1,0,1,3,0,6.0,7.0,4.0,3.0,Improve,1,2.0,2,1,1,120.0,2
29.0,Spotify,5.0,1,1,1,Classical,1,1,,3,0,0,1,0,0,1,0,0,0,1,2,1,0,2,0,7.0,2.0,2.0,0.0,Improve,3,5.0,2,1,2,120.0,2
31.0,YouTube Music,6.0,1,0,0,EDM,1,1,136.0,1,1,3,1,0,2,0,0,0,1,1,2,2,2,2,2,8.0,6.0,5.0,6.0,No effect,7,6.0,0,1,2,136.0,0
31.0,Spotify,1.0,0,0,0,Rock,0,1,132.0,2,1,0,0,0,1,0,0,2,0,2,1,1,1,3,2,3.0,10.0,0.0,0.0,Worsen,5,1.0,0,0,1,132.0,3
38.0,Spotify,6.0,1,1,0,Pop,1,1,107.0,3,2,2,2,2,3,3,1,2,2,1,3,3,3,2,0,9.0,4.0,9.0,7.0,Improve,13,6.0,1,1,2,107.0,0
17.0,Spotify,4.0,0,1,0,Classical,1,1,135.0,3,0,0,0,0,3,3,1,3,2,2,1,2,1,0,1,7.0,9.0,2.0,8.0,Worsen,7,4.0,1,0,2,135.0,3
25.0,Apple Music,2.0,0,0,0,EDM,0,1,171.0,0,2,3,1,0,0,0,0,0,0,1,2,0,0,3,1,10.0,3.0,1.0,4.0,Improve,4,2.0,0,0,1,171.0,3
20.0,Spotify,2.0,0,1,1,Metal,0,1,220.0,1,0,0,0,0,0,1,0,0,0,3,0,0,1,2,1,0.0,0.0,0.0,1.0,No effect,2,2.0,2,0,1,220.0,4
15.0,Spotify,2.0,1,0,0,EDM,0,0,171.0,0,0,3,0,0,2,0,0,0,0,0,1,1,2,0,1,9.0,6.0,1.0,7.0,No effect,3,2.0,0,1,0,171.0,1
16.0,Spotify,4.0,1,0,1,Lofi,1,0,85.0,1,1,3,1,0,1,1,0,0,3,1,2,0,1,1,3,7.0,1.0,3.0,5.0,Improve,4,4.0,1,1,1,85.0,1
20.0,Spotify,2.0,1,1,0,EDM,0,1,174.0,2,0,3,0,0,2,0,2,0,0,0,2,0,0,2,2,9.0,7.0,5.0,7.0,Improve,7,2.0,1,1,1,174.0,4
23.0,Other streaming service,6.0,1,0,0,Rap,1,1,87.0,0,0,2,2,0,1,0,2,2,0,0,3,3,2,1,0,3.0,1.0,2.0,7.0,Improve,7,6.0,0,1,2,87.0,0
22.0,Spotify,3.0,1,0,0,Hip hop,1,1,77.0,1,0,2,1,0,3,1,0,2,1,2,3,2,3,2,1,6.0,6.0,8.0,0.0,Improve,8,3.0,0,1,2,77.0,0
15.0,I do not use a streaming service.,5.0,1,0,0,Rock,1,1,126.0,1,0,3,1,0,0,0,0,0,2,1,3,0,0,3,2,10.0,6.0,0.0,4.0,Improve,5,5.0,0,1,2,126.0,0
17.0,I do not use a streaming service.,0.5,1,1,0,Video game music,0,1,136.0,1,2,2,0,0,0,1,0,0,0,1,2,1,1,2,3,6.0,3.0,1.0,1.0,Improve,5,0.5,1,1,1,136.0,1
22.0,YouTube Music,1.0,1,0,0,Video game music,1,1,80.0,1,0,1,2,0,1,0,0,0,2,0,1,0,0,1,3,3.0,3.0,0.0,7.0,No effect,3,1.0,0,1,2,80.0,1
21.0,Spotify,10.0,1,0,0,Metal,1,1,92.0,0,1,1,0,0,3,0,1,0,0,3,2,2,3,3,2,9.0,10.0,2.0,2.0,No effect,7,10.0,0,1,2,92.0,0
19.0,Spotify,2.0,1,0,0,Pop,0,1,120.0,1,0,2,1,0,1,2,2,2,2,0,3,3,2,3,3,7.0,5.0,0.0,2.0,No effect,10,2.0,0,1,1,120.0,0
32.0,Apple Music,0.5,0,0,0,Classical,1,0,,3,0,2,1,0,0,1,0,0,0,2,1,0,0,3,1,3.0,0.0,4.0,4.0,No effect,4,0.5,0,0,1,120.0,3
34.0,YouTube Music,1.0,0,0,0,Rock,0,1,138.0,1,0,0,2,0,1,0,0,1,0,0,1,0,2,3,0,9.0,9.0,6.0,4.0,Improve,3,1.0,0,0,1,138.0,3
18.0,I do not use a streaming service.,2.0,1,1,0,Metal,1,1,150.0,2,0,1,0,0,0,0,0,0,0,3,1,0,1,3,2,5.0,7.0,7.0,2.0,Improve,4,2.0,1,1,2,150.0,4
21.0,Spotify,3.0,1,0,0,Country,1,0,108.0,1,3,0,2,1,1,0,0,0,0,1,2,0,0,3,2,0.0,8.0,0.0,5.0,Improve,5,3.0,0,1,1,108.0,1
20.0,Spotify,3.0,0,0,0,Country,1,1,119.0,1,3,1,2,0,2,1,2,0,0,0,3,3,1,2,0,8.0,4.0,3.0,4.0,Improve,7,3.0,0,0,2,119.0,3
19.0,Spotify,2.0,1,0,0,Country,1,0,125.0,1,3,1,2,1,0,0,0,1,1,2,1,0,0,2,0,7.0,2.0,0.0,7.0,No effect,4,2.0,0,1,1,125.0,1
25.0,I do not use a streaming service.,1.0,0,0,0,Pop,0,1,,1,0,0,1,0,1,1,0,0,1,1,3,1,1,3,3,9.0,9.0,6.0,9.0,No effect,3,1.0,0,0,1,120.0,3
31.0,Spotify,8.0,1,1,0,Classical,1,1,,3,0,1,1,0,0,2,0,0,0,0,0,0,0,1,1,5.0,7.0,5.0,4.0,Improve,2,8.0,1,1,2,120.0,2
21.0,Spotify,1.0,1,1,0,Pop,1,1,85.0,3,1,1,2,0,1,0,2,0,1,3,3,2,3,2,3,5.0,1.0,0.0,0.0,Improve,9,1.0,1,1,2,85.0,2
31.0,YouTube Music,1.0,0,0,1,Folk,1,1,113.0,3,0,0,2,0,1,0,0,1,0,0,0,0,0,2,0,4.0,1.0,3.0,0.0,Improve,3,1.0,1,0,2,113.0,3
20.0,YouTube Music,1.0,0,0,0,Pop,1,0,86.0,1,0,0,1,0,0,0,0,0,1,1,3,0,0,2,0,3.0,5.0,3.0,0.0,Improve,2,1.0,0,0,1,86.0,3
19.0,Spotify,5.0,1,1,0,Rock,1,0,141.0,2,1,0,0,0,1,2,0,0,0,3,2,2,1,3,0,2.0,2.0,0.0,6.0,Improve,6,5.0,1,1,1,141.0,2
19.0,Other streaming service,5.0,1,0,0,EDM,1,1,97.0,1,0,3,2,0,2,1,0,2,3,3,1,0,3,2,1,0.0,1.0,3.0,5.0,Improve,8,5.0,0,1,2,97.0,0
23.0,Spotify,4.0,1,0,0,Metal,1,1,,1,2,2,0,0,2,0,1,0,2,3,3,3,3,3,1,7.0,8.0,6.0,2.0,Improve,9,4.0,0,1,2,120.0,0
24.0,I do not use a streaming service.,8.0,1,0,1,Video game music,1,0,120.0,2,1,3,1,1,3,3,1,1,3,3,1,1,2,3,3,6.0,4.0,8.0,8.0,Improve,9,8.0,1,1,1,120.0,2
20.0,Other streaming service,0.7,0,0,0,Rock,0,0,144.0,1,0,0,0,0,0,0,0,0,2,1,3,1,0,3,1,5.0,6.0,8.0,2.0,Improve,3,0.7,0,0,0,144.0,3
15.0,Spotify,3.0,0,0,0,Video game music,0,0,84.0,1,1,2,1,1,2,1,0,0,3,1,3,0,0,3,3,6.0,6.0,2.0,6.0,No effect,6,3.0,0,0,0,84.0,3
17.0,Spotify,7.0,1,0,0,Hip hop,0,1,84.0,0,0,1,0,1,3,0,0,0,1,1,1,1,3,1,1,8.0,9.0,3.0,4.0,Improve,2,7.0,0,1,1,84.0,1
20.0,I do not use a streaming service.,1.5,0,1,1,Video game music,0,1,60.0,3,0,0,1,1,0,0,0,2,0,0,0,0,0,0,3,8.0,4.0,3.0,3.0,Worsen,3,1.5,2,0,1,60.0,3
14.0,Spotify,4.0,1,1,1,Video game music,1,1,81.0,2,0,2,1,0,1,2,2,0,3,0,2,1,1,0,3,8.0,6.0,5.0,7.0,Improve,7,4.0,2,1,2,81.0,2
24.0,Spotify,4.0,1,0,0,Metal,1,1,150.0,2,1,0,1,1,1,0,0,0,0,3,2,1,1,3,0,8.0,8.0,7.0,7.0,Improve,4,4.0,0,1,2,150.0,4
14.0,Other streaming service,10.0,1,0,1,Video game music,0,0,95.0,1,0,2,0,0,2,1,0,0,3,2,0,0,2,1,3,5.0,2.0,5.0,0.0,Improve,6,10.0,1,1,0,95.0,1
23.0,Spotify,2.0,1,1,1,Rock,1,0,138.0,3,0,1,1,0,2,2,0,1,1,1,2,2,2,3,2,6.0,8.0,4.0,2.0,No effect,8,2.0,2,1,1,138.0,2
28.0,Apple Music,2.0,1,0,0,Rock,0,0,,1,0,0,1,0,0,2,1,0,2,1,2,1,0,3,1,7.0,5.0,2.0,1.0,No effect,4,2.0,0,1,0,120.0,1
22.0,Spotify,6.0,1,0,0,Jazz,1,1,140.0,2,1,3,1,1,1,3,2,0,2,2,2,2,1,3,2,8.0,8.0,7.0,1.0,Improve,10,6.0,0,1,2,140.0,0
25.0,Spotify,0.5,1,1,0,Rock,1,1,139.0,1,0,3,0,0,1,0,1,0,0,1,2,1,1,3,2,10.0,2.0,0.0,0.0,Improve,4,0.5,1,1,2,139.0,4
27.0,Spotify,2.0,1,1,1,Pop,1,1,100.0,2,1,3,0,0,2,3,3,2,2,2,3,3,1,2,2,8.0,7.0,7.0,5.0,Improve,12,2.0,2,1,2,100.0,2
18.0,Spotify,5.0,1,0,0,Rock,1,1,,1,0,1,1,0,1,0,1,0,1,2,3,1,2,3,3,8.0,8.0,8.0,6.0,Improve,5,5.0,0,1,2,120.0,0
17.0,Apple Music,3.0,1,1,1,Pop,1,0,120.0,1,1,0,2,0,2,3,0,1,0,2,3,3,3,3,0,8.0,10.0,9.0,2.0,Improve,8,3.0,2,1,1,120.0,2
23.0,Other streaming service,4.5,1,0,0,Rock,0,1,,2,1,0,2,1,2,1,1,0,1,2,2,1,2,3,2,6.0,1.0,8.0,4.0,No effect,8,4.5,0,1,1,120.0,0
40.0,Other streaming service,3.0,1,0,0,Rock,1,1,178.0,2,0,0,0,0,0,1,0,0,1,2,2,1,0,2,0,0.0,4.0,4.0,0.0,Improve,4,3.0,0,1,2,178.0,4
27.0,Spotify,20.0,1,0,0,Rock,1,1,,2,1,2,1,0,1,0,2,1,2,3,1,0,1,3,2,8.0,10.0,10.0,8.0,No effect,7,20.0,0,1,2,120.0,0
18.0,Spotify,1.0,0,0,0,Pop,1,0,100.0,1,1,0,1,1,2,0,0,0,0,0,3,1,2,2,1,3.0,2.0,0.0,1.0,No effect,4,1.0,0,0,1,100.0,3
16.0,Spotify,2.5,0,1,1,Metal,1,0,110.0,0,0,0,0,0,0,1,0,0,1,3,0,0,1,3,2,5.0,3.0,3.0,1.0,Improve,3,2.5,2,0,1,110.0,3
18.0,Spotify,1.0,0,0,0,Rock,1,1,108.0,2,1,0,2,0,2,0,0,0,0,2,2,1,1,3,1,8.0,9.0,6.0,1.0,Improve,6,1.0,0,0,2,108.0,3
23.0,Spotify,2.0,0,1,0,Jazz,0,1,,1,1,1,1,1,1,1,1,1,1,1,1,1,1,1,1,10.0,3.0,0.0,10.0,No effect,0,2.0,1,0,1,120.0,3
15.0,I do not use a streaming service.,5.0,1,1,0,Metal,1,0,161.0,0,0,1,0,0,0,0,0,0,0,3,1,0,1,2,0,6.0,7.0,8.0,2.0,Improve,2,5.0,1,1,1,161.0,4
20.0,Apple Music,3.0,1,1,0,Metal,1,0,200.0,2,1,0,0,0,1,2,0,0,1,3,1,0,1,3,2,7.0,4.0,7.0,0.0,Improve,5,3.0,1,1,1,200.0,4
16.0,Spotify,3.0,1,1,0,Rock,1,0,,0,1,0,1,0,0,0,0,2,0,1,1,1,1,3,1,9.0,8.0,6.0,2.0,Improve,2,3.0,1,1,1,120.0,1
16.0,Spotify,0.5,0,0,0,Rock,0,1,156.0,2,0,1,0,0,1,1,0,0,0,0,2,0,0,3,2,8.0,0.0,0.0,0.0,Improve,4,0.5,0,0,1,156.0,3
20.0,Apple Music,8.0,1,1,1,Country,1,0,120.0,0,3,0,2,0,1,0,0,0,0,0,1,1,1,2,0,8.0,9.0,2.0,5.0,No effect,3,8.0,2,1,1,120.0,2
33.0,Spotify,2.0,1,0,0,Metal,1,1,,1,1,0,1,0,2,0,0,0,0,3,0,0,2,2,2,7.0,2.0,3.0,0.0,Improve,5,2.0,0,1,2,120.0,0
22.0,Spotify,3.0,1,1,1,Rock,1,1,90.0,0,3,1,2,0,1,2,0,3,0,1,2,3,2,3,0,10.0,10.0,4.0,0.0,Improve,8,3.0,2,1,2,90.0,2
21.0,Spotify,3.0,1,0,0,Hip hop,1,1,85.0,0,0,1,0,0,3,1,0,0,2,0,3,3,3,3,0,8.0,8.0,3.0,3.0,Improve,6,3.0,0,1,2,85.0,0
21.0,Apple Music,5.0,1,1,0,Metal,1,1,171.0,1,0,2,0,0,3,2,0,0,2,3,1,2,3,2,2,8.0,7.0,7.0,4.0,Improve,9,5.0,1,1,2,171.0,4
29.0,Apple Music,1.5,1,0,1,Rock,1,1,108.0,1,0,2,0,0,1,1,0,0,0,1,3,3,3,3,0,8.0,7.0,1.0,2.0,Improve,5,1.5,1,1,2,108.0,2
56.0,I do not use a streaming service.,1.0,1,0,0,Pop,0,0,105.0,0,1,0,1,0,0,0,0,0,0,0,2,2,0,2,0,6.0,5.0,10.0,2.0,No effect,3,1.0,0,1,0,105.0,1
17.0,Spotify,2.0,1,1,0,Pop,1,0,76.0,2,0,0,0,0,1,1,0,0,1,0,3,1,1,0,1,7.0,6.0,0.0,4.0,Improve,2,2.0,1,1,1,76.0,1
22.0,Spotify,1.0,1,0,0,Pop,0,0,108.0,1,1,2,0,0,0,1,0,0,0,0,3,0,0,1,1,7.0,4.0,0.0,0.0,Improve,2,1.0,0,1,0,108.0,1
26.0,Spotify,4.0,1,0,0,Pop,1,1,140.0,2,2,1,1,0,2,0,1,0,1,0,3,1,1,3,1,8.0,7.0,2.0,10.0,No effect,5,4.0,0,1,2,140.0,4
30.0,Spotify,1.0,1,0,0,EDM,1,1,200.0,0,0,3,0,0,2,0,0,0,0,1,0,0,2,0,0,4.0,4.0,4.0,0.0,Improve,3,1.0,0,1,2,200.0,4
49.0,Spotify,2.0,1,0,0,Folk,1,0,147.0,1,1,2,3,0,2,1,0,0,2,1,2,2,2,1,1,0.0,0.0,2.0,0.0,No effect,7,2.0,0,1,1,147.0,4
22.0,Spotify,2.0,1,1,1,EDM,1,1,120.0,1,2,3,2,1,2,2,1,1,2,3,2,2,3,2,3,6.0,4.0,0.0,1.0,Improve,12,2.0,2,1,2,120.0,2
32.0,Spotify,2.0,0,0,0,Rock,1,0,158.0,0,1,2,1,0,2,0,0,0,2,1,2,2,2,2,0,4.0,7.0,0.0,0.0,Improve,7,2.0,0,0,1,158.0,3
32.0,I do not use a streaming service.,1.0,0,0,0,Rock,0,0,110.0,1,2,0,2,0,0,0,0,1,0,2,3,1,0,3,0,8.0,4.0,3.0,0.0,No effect,5,1.0,0,0,0,110.0,3
22.0,YouTube Music,6.0,1,0,0,Country,1,0,103.0,0,3,0,1,0,2,0,0,1,0,2,0,0,2,3,1,5.0,5.0,3.0,3.0,Improve,5,6.0,0,1,1,103.0,1
17.0,Spotify,2.0,1,0,0,Rock,1,1,93.0,0,1,2,2,1,1,2,1,1,1,3,3,2,2,3,2,0.0,8.0,0.0,0.0,Improve,9,2.0,0,1,2,93.0,0
21.0,Spotify,4.0,1,1,0,Rock,1,0,62.0,1,0,0,1,0,0,0,0,0,0,1,3,1,0,3,0,7.0,4.0,6.0,1.0,Improve,2,4.0,1,1,1,62.0,1
17.0,Spotify,1.5,1,0,0,Rock,1,1,180.0,3,0,1,1,0,0,0,0,3,1,1,2,2,1,3,1,8.0,7.0,7.0,3.0,No effect,5,1.5,0,1,2,180.0,4
25.0,Spotify,3.0,1,0,0,Metal,0,0,150.0,2,2,1,1,0,0,0,0,0,0,3,2,2,0,3,2,9.0,8.0,6.0,2.0,Improve,7,3.0,0,1,0,150.0,1
15.0,Spotify,4.0,1,0,1,Rock,1,0,105.0,0,0,1,0,0,1,0,2,0,3,2,3,2,1,3,0,8.0,6.0,4.0,0.0,Improve,6,4.0,1,1,1,105.0,2
13.0,Spotify,10.0,1,0,0,Rap,1,0,140.0,0,0,1,0,0,2,0,0,0,2,0,1,1,3,0,1,7.0,2.0,0.0,8.0,Improve,3,10.0,0,1,1,140.0,1
38.0,Spotify,3.0,1,0,0,Rock,0,1,,3,1,0,1,0,0,2,0,1,0,3,2,1,0,3,0,6.0,7.0,7.0,7.0,No effect,5,3.0,0,1,1,120.0,1
23.0,Apple Music,3.0,0,0,0,Rock,1,0,161.0,1,0,2,2,0,1,0,0,0,1,1,2,0,0,3,2,7.0,6.0,4.0,2.0,Improve,5,3.0,0,0,1,161.0,3
17.0,Spotify,3.0,1,0,0,Pop,1,1,120.0,2,2,2,1,1,3,1,3,0,3,0,3,3,3,3,1,1.0,1.0,1.0,0.0,Improve,10,3.0,0,1,2,120.0,0
59.0,YouTube Music,2.0,1,0,0,Pop,1,0,103.0,1,0,3,1,0,1,2,1,1,1,0,3,3,1,2,0,1.0,1.0,3.0,0.0,Improve,5,2.0,0,1,1,103.0,1
22.0,Spotify,2.0,1,1,1,Pop,1,0,72.0,1,1,0,1,1,2,2,0,1,1,0,3,3,2,2,1,2.0,7.0,1.0,2.0,Improve,6,2.0,2,1,1,72.0,2
17.0,Apple Music,3.0,1,0,0,Pop,1,1,113.0,2,1,0,0,0,3,2,3,1,0,0,3,1,3,2,1,6.0,2.0,3.0,1.0,No effect,7,3.0,0,1,2,113.0,0
27.0,Spotify,2.0,0,0,0,Pop,0,0,120.0,0,0,0,0,0,0,0,0,0,0,1,3,0,2,2,1,7.0,7.0,3.0,2.0,No effect,3,2.0,0,0,0,120.0,3
23.0,Spotify,5.0,1,1,0,Video game music,0,0,95.0,2,0,2,0,0,1,1,1,0,2,1,2,1,2,2,2,8.0,7.0,0.0,3.0,No effect,7,5.0,1,1,0,95.0,1
15.0,Spotify,6.0,1,0,0,Rock,0,0,97.0,1,0,2,1,0,2,1,0,0,1,1,2,2,0,3,2,8.0,3.0,5.0,2.0,Improve,6,6.0,0,1,0,97.0,1
22.0,Spotify,3.0,1,1,1,EDM,1,0,140.0,1,1,3,2,1,2,1,0,0,1,2,2,2,2,3,3,5.0,4.0,2.0,0.0,Improve,9,3.0,2,1,1,140.0,2
23.0,Spotify,5.0,1,0,0,Lofi,1,1,120.0,3,1,2,2,1,1,2,1,1,3,1,3,3,1,3,3,7.0,10.0,10.0,1.0,Improve,9,5.0,0,1,2,120.0,0
19.0,Spotify,5.0,1,0,0,Country,1,1,118.0,1,3,0,3,2,1,2,0,3,1,0,2,2,1,2,0,7.0,6.0,8.0,4.0,Improve,8,5.0,0,1,2,118.0,0
32.0,Spotify,6.0,1,0,0,Rock,0,0,91.0,0,1,2,0,0,1,1,0,0,0,0,2,1,1,3,1,8.0,7.0,0.0,9.0,Improve,3,6.0,0,1,0,91.0,1
40.0,Spotify,6.0,1,0,0,Rock,1,1,128.0,2,2,2,2,1,2,2,0,2,2,1,2,2,2,3,1,10.0,7.0,3.0,3.0,No effect,12,6.0,0,1,2,128.0,0
21.0,Spotify,3.0,1,0,0,Country,1,0,86.0,0,3,1,2,1,2,0,0,0,0,1,2,1,2,2,0,6.0,5.0,5.0,3.0,Improve,6,3.0,0,1,1,86.0,1
21.0,Spotify,10.0,1,0,0,Rock,1,1,107.0,1,0,3,2,0,1,1,1,1,2,2,3,2,1,3,3,8.0,7.0,6.0,8.0,No effect,8,10.0,0,1,2,107.0,0
23.0,Spotify,2.0,1,0,0,Video game music,1,1,180.0,2,0,3,0,0,1,1,2,0,2,0,3,1,2,2,3,10.0,7.0,7.0,3.0,Worsen,8,2.0,0,1,2,180.0,4
21.0,YouTube Music,2.0,1,0,0,EDM,0,1,,1,1,3,1,1,1,0,0,0,2,1,2,1,1,2,3,10.0,10.0,5.0,7.0,,5,2.0,0,1,1,120.0,1
18.0,Spotify,1.5,0,0,0,Hip hop,0,0,150.0,0,0,0,0,0,2,2,0,0,2,0,3,0,2,2,0,3.0,7.0,4.0,0.0,Improve,6,1.5,0,0,0,150.0,3
21.0,I do not use a streaming service.,10.0,1,0,0,Pop,1,0,112.0,0,1,0,0,0,1,0,0,0,0,0,2,1,0,2,0,9.0,7.0,5.0,5.0,Improve,2,10.0,0,1,1,112.0,1
22.0,I do not use a streaming service.,2.0,1,0,0,Video game music,0,1,,0,0,1,0,0,2,1,0,1,0,0,3,0,1,2,3,5.0,3.0,0.0,0.0,Improve,4,2.0,0,1,1,120.0,1
23.0,Spotify,3.0,1,1,1,Rock,1,1,66.0,1,1,0,3,0,2,2,0,0,0,3,3,3,2,3,0,10.0,7.0,0.0,10.0,Improve,8,3.0,2,1,2,66.0,2
13.0,Spotify,2.5,1,0,0,Folk,0,0,118.0,0,2,0,3,0,0,0,0,0,0,0,3,0,0,0,0,8.0,0.0,0.0,3.0,Improve,3,2.5,0,1,0,118.0,1
19.0,Spotify,3.0,1,0,0,K pop,1,1,110.0,2,1,1,2,0,1,0,3,0,2,0,3,3,3,3,0,6.0,0.0,3.0,0.0,Improve,8,3.0,0,1,2,110.0,0
33.0,YouTube Music,0.5,1,1,0,Rock,0,0,80.0,2,0,1,0,0,0,1,0,0,1,2,1,0,0,2,1,7.0,9.0,4.0,6.0,Improve,3,0.5,1,1,0,80.0,1
18.0,Spotify,16.0,1,0,1,Jazz,1,1,90.0,2,2,2,2,2,3,3,3,3,3,3,3,3,3,3,1,3.0,2.0,5.0,6.0,Improve,15,16.0,1,1,2,90.0,0
17.0,YouTube Music,6.0,1,1,0,Classical,1,1,120.0,3,1,0,0,0,1,2,1,0,2,0,3,0,0,0,1,4.0,2.0,0.0,0.0,Improve,4,6.0,1,1,2,120.0,2
16.0,Spotify,3.0,1,0,0,EDM,1,1,100.0,1,0,3,0,0,3,2,3,0,1,2,3,1,3,3,3,4.0,2.0,0.0,0.0,Improve,9,3.0,0,1,2,100.0,0
18.0,YouTube Music,0.5,0,0,0,Rock,1,0,66.0,1,0,0,2,0,0,0,0,0,0,0,2,1,0,3,0,5.0,3.0,1.0,0.0,No effect,3,0.5,0,0,1,66.0,3
19.0,Spotify,5.0,1,0,0,K pop,1,1,158.0,1,2,2,0,0,1,1,3,1,0,0,3,3,1,1,1,4.0,2.0,2.0,1.0,Improve,5,5.0,0,1,2,158.0,4
15.0,YouTube Music,2.0,0,1,0,Rap,1,1,105.0,3,2,0,3,2,3,2,2,0,3,2,1,3,3,2,3,4.0,0.0,6.0,5.0,No effect,13,2.0,1,0,2,105.0,2
17.0,Spotify,2.0,1,0,0,Pop,1,1,208.0,0,0,0,0,0,1,0,1,0,0,3,3,0,3,3,3,7.0,6.0,3.0,1.0,Improve,5,2.0,0,1,2,208.0,4
25.0,Spotify,2.0,1,0,0,Lofi,1,1,91.0,2,1,2,1,0,3,3,1,2,3,0,2,1,2,3,2,7.0,8.0,6.0,2.0,Improve,10,2.0,0,1,2,91.0,0
24.0,Other streaming service,1.5,1,0,0,Video game music,0,1,171.0,2,1,3,1,2,2,2,3,1,3,3,3,2,2,3,3,3.0,4.0,1.0,1.0,Improve,13,1.5,0,1,1,171.0,4
23.0,Spotify,1.0,1,1,0,Jazz,1,0,150.0,1,1,3,0,1,0,3,1,1,0,2,1,2,0,3,2,9.0,7.0,2.0,1.0,Improve,6,1.0,1,1,1,150.0,4
16.0,Spotify,10.0,1,1,0,EDM,1,1,180.0,1,1,3,2,0,1,2,1,0,1,1,3,2,2,2,2,10.0,9.0,3.0,2.0,Improve,8,10.0,1,1,2,180.0,4
25.0,YouTube Music,2.0,1,0,0,Metal,1,1,,1,1,1,1,2,1,2,0,1,1,3,2,1,1,3,2,9.0,9.0,7.0,3.0,Improve,6,2.0,0,1,2,120.0,0
16.0,Spotify,15.0,1,1,1,EDM,1,0,85.0,1,0,3,0,0,1,1,0,0,1,2,2,0,3,3,2,8.0,10.0,9.0,2.0,Improve,6,15.0,2,1,1,85.0,2
20.0,I do not use a streaming service.,0.5,0,0,0,Metal,1,1,150.0,2,1,2,0,0,2,2,0,0,2,2,1,1,1,2,2,8.0,9.0,6.0,4.0,Improve,8,0.5,0,0,2,150.0,3
17.0,Spotify,3.0,1,0,0,Metal,1,0,104.0,0,1,1,0,2,2,0,0,0,0,3,0,1,2,3,0,5.0,6.0,9.0,9.0,Improve,5,3.0,0,1,1,104.0,1
29.0,I do not use a streaming service.,2.0,1,0,0,Metal,1,0,,0,0,0,0,0,0,0,0,0,0,3,2,0,0,3,0,9.0,3.0,7.0,2.0,Improve,3,2.0,0,1,1,120.0,1
20.0,Spotify,4.0,1,0,0,Hip hop,1,0,85.0,0,1,3,1,0,3,0,0,0,0,0,2,2,3,2,0,3.0,2.0,1.0,6.0,Improve,6,4.0,0,1,1,85.0,1
16.0,Spotify,2.0,1,0,0,Folk,1,0,,0,0,0,3,0,1,0,0,0,0,2,3,0,1,2,0,7.0,7.0,4.0,0.0,Improve,4,2.0,0,1,1,120.0,1
21.0,Spotify,1.0,1,0,0,Rock,1,0,147.0,1,2,2,2,0,2,1,1,1,1,1,3,0,2,3,3,7.0,9.0,1.0,2.0,Improve,8,1.0,0,1,1,147.0,4
16.0,Spotify,24.0,1,0,0,Rock,1,1,120.0,0,0,1,0,0,0,0,1,1,1,1,1,1,1,2,1,5.0,1.0,9.0,1.0,Improve,1,24.0,0,1,2,120.0,0
43.0,Spotify,1.0,1,0,0,Pop,1,0,134.0,2,0,0,2,1,2,1,0,0,1,0,3,1,1,2,0,3.0,3.0,0.0,0.0,Improve,5,1.0,0,1,1,134.0,1
32.0,Pandora,2.0,1,1,0,Classical,1,0,,3,2,1,3,2,2,2,1,2,1,3,3,2,1,3,3,8.0,7.0,5.0,4.0,Improve,12,2.0,1,1,1,120.0,2
10.0,YouTube Music,2.0,1,1,0,Pop,1,1,112.0,3,0,1,0,0,1,1,3,0,1,0,3,0,1,0,3,8.0,2.0,1.0,1.0,Improve,4,2.0,1,1,2,112.0,2
27.0,Spotify,3.0,1,0,0,Metal,1,1,200.0,1,1,2,0,0,2,0,2,1,2,3,2,1,3,3,3,4.0,0.0,0.0,0.0,Improve,9,3.0,0,1,2,200.0,4
24.0,Spotify,3.0,1,1,0,Classical,0,1,75.0,3,0,0,0,1,1,0,0,2,1,2,1,0,1,0,0,9.0,6.0,1.0,1.0,Improve,3,3.0,1,1,1,75.0,1
17.0,Apple Music,7.0,1,0,0,Rock,0,0,140.0,0,0,0,0,0,0,0,0,0,2,0,3,0,0,3,2,8.0,7.0,7.0,4.0,Improve,4,7.0,0,1,0,140.0,1
19.0,Spotify,6.0,1,0,0,Metal,1,0,111.0,2,0,0,0,0,0,0,0,0,0,3,1,0,0,3,2,1.0,0.0,0.0,0.0,Improve,4,6.0,0,1,1,111.0,1
16.0,YouTube Music,3.0,1,0,0,Rock,1,1,150.0,2,0,2,0,0,1,1,1,0,1,2,2,2,2,3,2,5.0,7.0,1.0,4.0,Improve,8,3.0,0,1,2,150.0,4
64.0,Other streaming service,5.0,1,0,1,Rock,1,0,,2,1,0,1,2,2,3,2,0,1,2,1,2,1,3,0,7.0,6.0,9.0,2.0,Improve,8,5.0,1,1,1,120.0,2
33.0,Apple Music,4.0,1,1,1,Lofi,1,1,114.0,2,1,1,2,0,2,2,1,1,3,3,2,1,2,2,2,8.0,8.0,2.0,2.0,Improve,10,4.0,2,1,2,114.0,2
32.0,I do not use a streaming service.,3.0,1,1,0,Rock,0,1,93.0,3,2,2,2,0,0,3,1,1,0,3,1,0,1,3,1,2.0,2.0,8.0,0.0,No effect,7,3.0,1,1,1,93.0,2
15.0,Pandora,2.0,1,1,0,Pop,1,0,145.0,1,2,0,0,0,0,0,1,3,0,0,3,2,2,0,0,6.0,0.0,0.0,2.0,Improve,5,2.0,1,1,1,145.0,4
27.0,YouTube Music,3.0,1,0,0,Metal,1,1,100.0,3,3,0,1,0,1,0,0,0,0,3,2,0,1,3,1,2.0,0.0,1.0,0.0,Improve,5,3.0,0,1,2,100.0,0
20.0,I do not use a streaming service.,2.0,1,0,0,Rock,1,0,114.0,1,1,0,2,0,0,1,0,0,0,1,2,1,0,3,2,6.0,2.0,6.0,7.0,No effect,4,2.0,0,1,1,114.0,1
23.0,I do not use a streaming service.,2.0,1,0,0,Pop,1,1,109.0,1,3,0,1,3,3,2,1,0,1,0,3,3,3,3,2,6.0,1.0,0.0,5.0,Improve,9,2.0,0,1,2,109.0,0
19.0,Apple Music,3.0,0,1,0,Classical,1,0,,3,1,0,1,1,2,1,0,0,0,1,2,0,0,3,2,7.0,6.0,4.0,0.0,Improve,5,3.0,1,0,1,120.0,3
12.0,YouTube Music,2.0,1,1,1,Classical,0,0,,3,0,0,0,0,0,0,0,0,1,0,1,0,0,0,0,0.0,0.0,3.0,0.0,Improve,1,2.0,2,1,0,120.0,1
16.0,Other streaming service,3.0,1,1,1,Classical,0,0,72.0,3,1,0,0,1,0,0,0,0,0,0,3,0,0,0,1,9.0,7.0,10.0,6.0,No effect,2,3.0,2,1,0,72.0,1
17.0,Other streaming service,0.0,0,0,0,Video game music,0,1,89.0,0,0,0,0,0,0,0,0,0,3,0,0,0,0,0,3,10.0,0.0,0.0,0.0,No effect,2,0.0,0,0,1,89.0,3
14.0,Spotify,1.0,1,1,0,Pop,1,0,140.0,1,1,3,1,1,2,2,2,1,2,1,3,2,2,2,2,6.0,6.0,3.0,0.0,Improve,10,1.0,1,1,1,140.0,2
32.0,Spotify,2.0,1,0,0,Metal,1,0,84.0,1,1,3,1,1,1,1,1,0,2,3,2,1,1,2,3,4.0,3.0,1.0,6.0,Improve,6,2.0,0,1,1,84.0,1
20.0,Spotify,2.0,1,1,0,Pop,0,1,132.0,0,0,0,0,0,1,0,0,0,0,0,0,0,1,1,1,6.0,2.0,2.0,1.0,No effect,0,2.0,1,1,1,132.0,1
54.0,I do not use a streaming service.,6.0,1,0,0,Classical,0,0,,3,2,0,0,0,2,1,1,1,0,1,2,2,1,1,0,2.0,2.0,3.0,2.0,Improve,5,6.0,0,1,0,120.0,1
18.0,Spotify,5.0,1,0,0,K pop,1,1,124.0,0,1,1,0,0,1,1,3,1,1,0,3,1,2,2,0,7.0,4.0,5.0,6.0,Improve,4,5.0,0,1,2,124.0,0
14.0,Spotify,2.0,1,1,0,Classical,1,0,181.0,3,0,0,0,0,1,0,0,0,1,2,2,0,1,3,1,7.0,5.0,3.0,2.0,Improve,4,2.0,1,1,1,181.0,4
13.0,Other streaming service,4.0,1,1,1,Classical,1,0,126.0,3,0,2,1,0,0,1,1,0,0,1,3,0,0,2,2,8.0,5.0,10.0,3.0,Improve,5,4.0,2,1,1,126.0,2
19.0,Apple Music,8.0,1,0,1,Country,1,0,109.0,0,3,0,1,0,0,0,0,0,0,1,1,0,1,2,1,7.0,5.0,6.0,5.0,Improve,2,8.0,1,1,1,109.0,1
14.0,Spotify,4.0,1,1,0,Classical,1,0,106.0,3,0,1,0,0,2,2,1,1,1,2,2,2,2,2,1,6.0,8.0,8.0,2.0,Improve,8,4.0,1,1,1,106.0,2
14.0,YouTube Music,1.5,0,1,0,Classical,1,0,140.0,3,0,0,0,1,0,2,0,0,0,0,0,0,0,1,2,1.0,2.0,4.0,3.0,Improve,3,1.5,1,0,1,140.0,3
18.0,Apple Music,2.0,1,1,0,Rap,1,1,170.0,3,0,2,0,0,3,2,1,3,2,1,2,2,3,1,2,3.0,2.0,0.0,2.0,Improve,10,2.0,1,1,2,170.0,4
15.0,Spotify,5.0,1,0,0,Folk,1,1,87.0,1,2,0,3,1,2,0,0,0,2,0,0,0,2,1,1,6.0,7.0,7.0,4.0,Improve,5,5.0,0,1,2,87.0,0
24.0,YouTube Music,6.0,1,1,0,Classical,0,0,,3,0,2,0,0,0,0,3,0,0,0,0,0,0,1,0,6.0,7.0,2.0,0.0,No effect,3,6.0,1,1,0,120.0,1
17.0,Apple Music,2.0,1,0,0,Pop,0,1,117.0,1,0,0,0,0,1,1,0,0,2,1,3,3,0,0,2,9.0,8.0,4.0,8.0,Improve,4,2.0,0,1,1,117.0,1
44.0,Spotify,2.0,0,0,0,Rock,1,0,105.0,2,2,2,2,1,2,1,1,0,0,2,2,2,2,3,0,7.0,7.0,2.0,1.0,Improve,10,2.0,0,0,1,105.0,3
23.0,Spotify,1.0,0,1,0,Rock,1,0,,2,0,0,0,0,0,1,0,0,1,2,0,0,0,3,0,1.0,0.0,1.0,0.0,Improve,3,1.0,1,0,1,120.0,3
21.0,Apple Music,1.0,0,0,0,Rap,0,0,160.0,1,1,0,0,0,2,1,0,0,1,1,2,2,2,1,0,4.0,3.0,4.0,5.0,Improve,4,1.0,0,0,0,160.0,3
57.0,Other streaming service,2.0,0,0,0,R&B,1,0,,1,2,0,0,1,2,2,0,0,0,0,2,2,2,1,0,2.0,0.0,0.0,0.0,Improve,6,2.0,0,0,1,120.0,3
23.0,Spotify,2.0,1,1,0,Rock,1,1,141.0,1,1,0,3,0,1,0,0,0,3,3,3,0,2,3,3,0.0,5.0,7.0,0.0,No effect,7,2.0,1,1,2,141.0,2
18.0,Spotify,1.0,1,1,0,Pop,0,1,105.0,2,1,0,0,1,0,1,0,2,1,0,3,0,0,0,3,8.0,7.0,7.0,0.0,Improve,4,1.0,1,1,1,105.0,1
26.0,Spotify,14.0,1,0,0,Hip hop,1,1,158.0,2,2,1,3,0,3,3,1,1,3,1,2,3,3,3,1,5.0,10.0,8.0,0.0,No effect,10,14.0,0,1,2,158.0,0
13.0,YouTube Music,3.0,1,0,1,Classical,0,0,80.0,3,0,0,0,0,0,0,0,0,0,0,0,0,0,0,0,8.0,7.0,9.0,2.0,Improve,1,3.0,1,1,0,80.0,1
15.0,Spotify,3.0,1,1,1,Classical,1,0,118.0,3,0,0,0,0,0,0,1,0,2,0,2,0,0,0,2,9.0,6.0,8.0,5.0,Improve,4,3.0,2,1,1,118.0,2
57.0,YouTube Music,2.0,1,1,1,Rock,1,0,125.0,0,0,0,0,0,1,2,0,1,1,2,2,2,1,3,0,2.0,2.0,7.0,0.0,No effect,5,2.0,2,1,1,125.0,2
12.0,Spotify,0.5,1,1,1,Classical,1,1,109.0,3,0,0,0,0,0,1,0,0,1,0,2,0,0,0,0,7.0,8.0,6.0,2.0,Improve,2,0.5,2,1,2,109.0,2
26.0,Spotify,6.0,1,0,0,EDM,0,1,156.0,0,0,3,0,0,0,0,0,0,0,0,1,1,1,0,1,10.0,10.0,8.0,2.0,No effect,1,6.0,0,1,1,156.0,4
17.0,Spotify,1.0,1,1,0,Country,0,0,105.0,0,3,0,1,1,0,1,0,0,0,1,1,1,0,2,1,8.0,5.0,2.0,3.0,Improve,2,1.0,1,1,0,105.0,1
17.0,Spotify,2.0,1,1,0,Classical,1,1,,3,0,1,0,0,0,0,1,0,1,1,2,1,0,2,2,7.0,8.0,2.0,5.0,Improve,4,2.0,1,1,2,120.0,2
69.0,Pandora,4.0,1,1,1,Classical,1,1,72.0,3,2,0,2,2,1,3,1,1,1,0,2,2,0,3,0,1.0,1.0,2.0,0.0,Improve,8,4.0,2,1,2,72.0,2
17.0,Spotify,3.0,1,1,1,R&B,1,1,148.0,3,0,1,0,2,3,3,3,2,0,1,3,3,3,2,0,9.0,10.0,10.0,3.0,No effect,10,3.0,2,1,2,148.0,2
32.0,Spotify,12.0,1,1,1,Jazz,1,1,200.0,0,0,2,1,0,2,3,1,0,2,0,1,2,1,0,0,9.0,4.0,4.0,4.0,Improve,5,12.0,2,1,2,200.0,4
22.0,YouTube Music,3.0,0,1,0,Classical,1,0,113.0,3,0,0,0,0,0,2,0,0,0,0,1,0,0,1,0,8.0,2.0,4.0,0.0,No effect,2,3.0,1,0,1,113.0,3
38.0,Spotify,1.0,0,0,0,Metal,1,1,191.0,1,0,0,2,0,0,1,0,0,0,3,0,0,0,2,1,1.0,1.0,5.0,1.0,Improve,3,1.0,0,0,2,191.0,3
18.0,YouTube Music,10.0,1,0,0,EDM,1,0,140.0,0,0,3,2,0,2,0,0,0,2,0,3,3,3,0,0,10.0,9.0,9.0,8.0,Improve,7,10.0,0,1,1,140.0,0
14.0,Other streaming service,0.5,1,1,0,Video game music,1,1,173.0,3,0,0,1,0,0,1,2,1,0,0,3,0,0,0,3,4.0,0.0,4.0,0.0,Improve,4,0.5,1,1,2,173.0,4
19.0,Spotify,5.0,1,1,1,Metal,1,1,180.0,1,1,1,1,0,1,1,0,1,2,3,2,1,1,3,2,2.0,3.0,5.0,2.0,Improve,5,5.0,2,1,2,180.0,4
20.0,YouTube Music,3.0,1,1,1,Classical,1,0,100.0,3,2,1,2,1,1,3,1,1,0,1,2,2,1,1,1,2.0,3.0,3.0,0.0,Improve,6,3.0,2,1,1,100.0,2
18.0,Spotify,2.0,0,0,0,Rock,1,0,123.0,0,3,0,1,1,1,1,0,0,0,2,3,0,2,2,2,8.0,4.0,3.0,0.0,Improve,6,2.0,0,0,1,123.0,3
30.0,Spotify,13.0,0,0,0,K pop,1,1,145.0,2,0,1,2,0,2,2,3,3,1,1,3,3,2,3,2,10.0,10.0,10.0,7.0,Improve,11,13.0,0,0,2,145.0,0
31.0,I do not use a streaming service.,4.0,1,1,0,Classical,1,1,55.0,3,1,0,1,1,0,2,0,0,1,1,0,0,0,2,2,8.0,8.0,9.0,3.0,Improve,4,4.0,1,1,2,55.0,2
72.0,Spotify,6.0,1,1,1,Rock,0,0,77.0,0,2,0,0,0,0,3,0,2,0,0,1,3,0,3,0,0.0,1.0,0.0,2.0,Improve,5,6.0,2,1,0,77.0,2
16.0,Spotify,4.0,1,0,0,Pop,1,1,150.0,1,1,2,2,1,3,1,2,1,2,1,3,1,1,1,1,7.5,5.0,7.0,8.5,Improve,6,4.0,0,1,2,150.0,4
19.0,YouTube Music,3.0,0,1,0,Rap,1,1,73.0,1,0,2,0,0,2,1,0,0,1,0,2,1,3,2,2,3.0,3.0,0.0,0.0,Improve,6,3.0,1,0,2,73.0,3
16.0,Spotify,2.0,1,1,0,Classical,0,0,155.0,3,1,0,1,0,1,1,0,0,1,0,3,0,0,1,1,7.0,5.0,3.0,1.0,Improve,2,2.0,1,1,0,155.0,1
12.0,Spotify,2.0,1,1,1,Classical,1,1,,3,1,0,0,1,2,1,1,0,0,0,2,0,1,2,0,8.0,0.0,1.0,6.0,Improve,4,2.0,2,1,2,120.0,2
39.0,Spotify,1.0,1,0,0,Hip hop,1,1,89.0,0,1,1,2,0,3,1,1,1,2,2,3,2,3,3,0,6.0,4.0,1.0,1.0,Improve,8,1.0,0,1,2,89.0,0
15.0,Spotify,6.0,1,1,0,K pop,1,1,110.0,2,0,1,2,0,1,2,3,2,2,1,3,2,1,3,0,8.0,8.0,7.0,10.0,No effect,9,6.0,1,1,2,110.0,2
14.0,Spotify,9.0,1,0,0,R&B,1,1,140.0,3,1,1,1,1,2,1,3,1,2,1,3,3,3,1,1,10.0,8.0,9.0,5.0,Improve,7,9.0,0,1,2,140.0,0
21.0,Spotify,1.0,0,0,0,Country,0,0,135.0,0,3,0,0,0,0,0,0,0,0,0,0,0,0,0,0,3.0,0.0,2.0,0.0,Improve,1,1.0,0,0,0,135.0,3
38.0,Apple Music,1.0,1,0,0,Video game music,0,0,125.0,1,0,0,0,0,1,2,1,1,0,1,2,1,1,1,3,5.0,5.0,7.0,1.0,Worsen,3,1.0,0,1,0,125.0,1
23.0,Spotify,0.5,0,0,1,Hip hop,1,1,110.0,2,2,1,1,1,3,1,3,1,2,1,2,2,3,1,2,7.0,7.0,6.0,5.0,Improve,9,0.5,1,0,2,110.0,3
16.0,Other streaming service,1.0,0,0,0,EDM,1,0,140.0,0,0,3,0,0,2,1,0,0,2,2,1,1,1,2,2,7.0,4.0,6.0,3.0,Improve,6,1.0,0,0,1,140.0,3
21.0,Apple Music,1.5,1,1,0,Folk,0,0,105.0,0,2,0,3,0,0,0,0,0,0,0,0,0,0,2,0,3.0,3.0,1.0,0.0,,3,1.5,1,1,0,105.0,1
13.0,Spotify,6.0,1,0,0,Rap,1,0,112.0,0,0,0,0,0,3,0,1,0,1,0,1,0,3,0,0,4.0,0.0,0.0,2.0,Worsen,2,6.0,0,1,1,112.0,1
16.0,Spotify,4.0,1,0,0,Rock,1,0,96.0,1,2,2,2,0,2,1,2,0,3,3,3,0,0,3,2,3.0,0.0,6.0,9.0,Improve,10,4.0,0,1,1,96.0,0
18.0,Spotify,6.0,1,0,1,Rock,1,0,,2,1,1,3,0,2,0,2,0,3,3,2,1,2,3,3,5.0,1.0,6.0,0.0,Improve,10,6.0,1,1,1,120.0,2
21.0,Spotify,4.0,1,0,0,Metal,1,1,155.0,0,0,3,0,0,0,0,0,0,1,2,0,0,0,3,3,10.0,6.0,8.0,0.0,Improve,4,4.0,0,1,2,155.0,4
17.0,Spotify,1.5,1,0,0,Classical,1,1,174.0,3,1,0,1,0,0,2,0,0,2,0,3,1,0,0,0,7.0,5.0,1.0,2.0,No effect,4,1.5,0,1,2,174.0,4
24.0,Apple Music,2.0,1,0,0,Rock,1,1,93.0,1,2,0,3,0,2,2,0,1,2,0,1,1,2,3,0,7.0,7.0,0.0,4.0,No effect,7,2.0,0,1,2,93.0,0
14.0,Apple Music,2.0,1,0,0,Pop,1,0,78.0,1,0,0,2,0,2,0,1,3,1,1,3,2,2,1,0,6.0,0.0,0.0,0.0,Improve,6,2.0,0,1,1,78.0,1
25.0,Spotify,4.0,1,0,0,Rock,1,1,,2,1,1,3,1,2,2,1,1,2,2,2,1,2,3,3,6.0,2.0,3.0,2.0,Improve,10,4.0,0,1,2,120.0,0
22.0,Spotify,3.0,1,0,0,Lofi,1,1,174.0,1,3,2,1,1,1,1,1,1,3,1,1,1,1,1,1,7.0,6.0,7.0,9.0,Improve,3,3.0,0,1,2,174.0,4
20.0,I do not use a streaming service.,4.0,1,0,0,Rock,1,1,120.0,1,0,2,0,0,1,0,3,1,1,2,3,1,1,3,1,5.0,7.0,7.0,0.0,No effect,5,4.0,0,1,2,120.0,0
23.0,Spotify,2.0,1,0,0,Pop,0,0,75.0,2,1,1,2,0,3,2,0,0,0,0,3,3,3,2,2,7.0,6.0,4.0,3.0,Improve,9,2.0,0,1,0,75.0,1
61.0,Pandora,2.0,1,0,0,Rock,1,0,94.0,0,0,0,1,0,0,0,1,0,0,2,2,1,0,2,0,2.0,2.0,2.0,0.0,Improve,3,2.0,0,1,1,94.0,1
24.0,Spotify,6.0,1,0,0,Video game music,0,1,180.0,2,0,2,3,0,0,0,1,0,1,2,1,0,0,3,3,9.0,5.0,0.0,7.0,Improve,6,6.0,0,1,1,180.0,4
34.0,Spotify,0.0,0,1,0,Rock,0,1,115.0,1,1,0,2,0,0,0,0,0,0,1,0,0,0,3,0,3.0,7.0,8.0,0.0,Worsen,2,0.0,1,0,1,115.0,3
49.0,Spotify,1.0,0,0,0,Pop,1,0,128.0,2,0,0,0,0,3,1,0,0,3,0,3,3,3,2,0,4.0,5.0,9.0,1.0,Improve,7,1.0,0,0,1,128.0,3
33.0,I do not use a streaming service.,4.0,1,1,0,Rock,1,1,112.0,1,2,1,1,1,1,1,0,0,3,1,2,1,1,3,3,1.0,0.0,7.0,0.0,Improve,5,4.0,1,1,2,112.0,2
22.0,I do not use a streaming service.,2.0,0,1,1,Metal,0,0,140.0,0,0,1,0,0,0,0,0,0,0,3,1,1,0,3,3,3.0,2.0,0.0,2.0,No effect,3,2.0,2,0,0,140.0,3
38.0,Spotify,3.0,1,0,0,Metal,1,1,143.0,1,0,0,0,0,0,0,0,0,0,3,0,0,1,2,0,1.0,6.0,1.0,2.0,Improve,2,3.0,0,1,2,143.0,4
23.0,YouTube Music,4.0,0,0,0,Hip hop,1,0,72.0,1,1,0,1,0,3,1,0,0,2,1,3,2,2,2,1,8.0,10.0,4.0,0.0,No effect,6,4.0,0,0,1,72.0,3
34.0,I do not use a streaming service.,2.0,0,0,0,Video game music,0,1,100.0,1,1,1,0,0,2,1,1,0,1,1,0,0,2,1,3,8.0,10.0,10.0,0.0,No effect,3,2.0,0,0,1,100.0,3
40.0,Other streaming service,3.0,1,0,0,Metal,1,1,120.0,0,0,0,0,0,0,2,0,2,0,3,1,1,0,2,0,3.0,0.0,8.0,1.0,No effect,4,3.0,0,1,2,120.0,0
27.0,Spotify,1.0,0,0,0,Hip hop,1,0,,2,0,1,0,0,3,1,0,0,1,0,2,3,3,0,0,3.0,4.0,1.0,0.0,Improve,5,1.0,0,0,1,120.0,3
54.0,YouTube Music,10.0,1,0,0,Rock,1,0,,2,2,0,1,0,0,1,0,0,0,1,1,2,0,2,0,2.0,1.0,2.0,2.0,Improve,4,10.0,0,1,1,120.0,1
16.0,Spotify,10.0,0,0,0,Rock,1,0,105.0,1,3,0,3,1,1,2,0,0,0,3,2,1,1,3,0,0.0,0.0,0.0,0.0,No effect,6,10.0,0,0,1,105.0,3
23.0,I do not use a streaming service.,10.0,1,0,0,Video game music,0,1,119.0,1,0,2,2,0,1,0,2,0,2,1,2,0,1,2,3,8.0,8.0,5.0,0.0,Improve,7,10.0,0,1,1,119.0,0
35.0,Spotify,4.0,0,0,0,Country,1,0,,0,3,0,1,0,0,0,0,0,0,2,2,0,0,2,1,1.0,1.0,1.0,0.0,No effect,4,4.0,0,0,1,120.0,3
22.0,YouTube Music,4.0,1,0,0,Folk,1,1,137.0,1,2,3,3,0,2,2,0,1,2,3,3,2,2,3,2,8.0,7.0,6.0,2.0,Improve,12,4.0,0,1,2,137.0,0
41.0,Spotify,3.0,0,0,0,Metal,1,1,178.0,3,1,0,1,0,0,0,2,0,0,3,1,0,1,2,3,6.0,5.0,4.0,0.0,No effect,5,3.0,0,0,2,178.0,3
63.0,Spotify,2.0,1,0,0,Rock,1,0,133.0,3,2,1,3,0,1,2,0,1,0,0,0,1,0,3,0,5.0,4.0,6.0,2.0,Improve,5,2.0,0,1,1,133.0,1
28.0,Spotify,1.0,0,1,0,Rock,1,0,72.0,1,1,0,1,0,1,0,0,0,2,1,2,0,1,2,0,3.0,1.0,0.0,2.0,No effect,3,1.0,1,0,1,72.0,3
22.0,Spotify,6.0,1,1,0,Country,1,0,,1,3,2,3,1,2,2,0,1,2,2,2,1,2,3,2,4.0,8.0,2.0,2.0,Improve,11,6.0,1,1,1,120.0,2
58.0,YouTube Music,1.0,1,0,0,Rock,1,0,133.0,1,2,1,2,2,2,2,0,1,1,2,1,2,2,2,0,5.0,6.0,3.0,1.0,Improve,9,1.0,0,1,1,133.0,0
58.0,YouTube Music,1.0,1,1,1,Classical,1,0,80.0,2,1,0,1,2,1,2,1,1,0,0,1,0,0,0,0,0.0,0.0,2.0,1.0,Improve,3,1.0,2,1,1,80.0,2
67.0,Other streaming service,4.0,1,0,0,Rock,0,0,146.0,0,2,0,0,0,0,2,0,0,0,1,0,1,0,3,0,7.0,6.0,7.0,4.0,Improve,3,4.0,0,1,0,146.0,1
70.0,I do not use a streaming service.,2.0,1,0,0,Country,0,0,88.0,2,3,0,0,0,0,0,0,0,0,0,0,0,0,0,0,8.0,5.0,6.0,1.0,Improve,2,2.0,0,1,0,88.0,1
60.0,YouTube Music,2.0,1,0,0,Rock,0,1,132.0,2,2,0,2,1,0,1,0,1,0,1,2,2,1,3,1,4.0,4.0,2.0,0.0,Improve,6,2.0,0,1,1,132.0,1
15.0,Spotify,2.0,1,1,1,Pop,1,0,102.0,1,1,2,0,2,1,2,2,0,0,0,3,2,0,2,3,9.0,8.0,10.0,9.0,Improve,8,2.0,2,1,1,102.0,2
18.0,YouTube Music,6.0,1,0,0,EDM,1,1,91.0,3,1,3,1,2,3,2,0,2,3,2,3,3,3,2,3,5.0,5.0,7.0,0.0,Improve,13,6.0,0,1,2,91.0,0
58.0,Other streaming service,3.0,1,0,0,Hip hop,1,1,127.0,2,0,2,1,2,3,3,0,2,3,0,1,3,2,2,0,4.0,6.0,8.0,1.0,Improve,10,3.0,0,1,2,127.0,0
28.0,Other streaming service,1.0,1,0,0,Lofi,1,1,82.0,2,1,1,1,1,2,2,1,2,3,1,2,2,1,2,2,4.0,8.0,5.0,0.0,Improve,9,1.0,0,1,2,82.0,0
22.0,Spotify,4.0,1,1,0,Lofi,1,0,141.0,1,1,0,2,0,1,2,0,0,3,1,2,1,1,3,0,9.0,10.0,6.0,7.0,Improve,5,4.0,1,1,1,141.0,4
49.0,YouTube Music,0.5,0,0,0,Classical,0,0,114.0,3,2,1,2,3,2,2,1,1,0,1,2,2,2,1,1,3.0,2.0,2.0,2.0,Improve,9,0.5,0,0,0,114.0,3
20.0,YouTube Music,8.0,1,0,0,Rock,1,1,148.0,0,1,1,2,0,0,1,0,0,1,2,1,2,0,3,2,6.0,2.0,2.0,1.0,Improve,5,8.0,0,1,2,148.0,4
55.0,YouTube Music,15.0,1,0,0,Rock,0,0,156.0,1,0,0,3,0,0,2,0,1,0,0,1,0,0,3,0,2.0,0.0,3.0,0.0,No effect,3,15.0,0,1,0,156.0,1
48.0,Spotify,1.5,1,1,0,Metal,0,0,185.0,1,0,1,0,0,0,1,0,0,0,2,0,1,0,1,1,10.0,8.0,0.0,4.0,Improve,1,1.5,1,1,0,185.0,4
14.0,Spotify,2.0,1,1,0,K pop,1,1,114.0,2,0,1,0,0,2,2,3,0,2,0,1,1,1,0,1,4.0,4.0,2.0,2.0,Improve,5,2.0,1,1,2,114.0,2
18.0,Spotify,3.0,1,1,0,Pop,1,1,120.0,2,0,2,1,0,3,2,3,3,2,1,3,3,3,2,2,7.0,8.0,6.0,2.0,Improve,12,3.0,1,1,2,120.0,2
25.0,Spotify,1.0,1,0,0,Pop,1,1,80.0,3,1,1,1,0,2,2,0,0,1,3,3,1,2,2,2,7.0,6.0,5.0,5.0,Improve,8,1.0,0,1,2,80.0,0
71.0,I do not use a streaming service.,0.25,1,0,0,Gospel,0,1,,2,1,0,1,2,0,0,0,2,0,0,1,1,0,1,0,1.0,0.0,0.0,0.0,Improve,3,0.25,0,1,1,120.0,1
60.0,YouTube Music,1.0,0,1,1,Gospel,0,0,,2,1,0,0,3,1,0,0,0,0,0,0,0,1,1,0,6.0,2.0,8.0,0.0,Improve,2,1.0,2,0,0,120.0,3
18.0,I do not use a streaming service.,1.0,1,0,1,Video game music,0,0,116.0,1,1,2,2,0,1,2,0,0,0,2,0,1,2,2,3,4.0,5.0,7.0,0.0,No effect,7,1.0,1,1,0,116.0,1
19.0,Spotify,5.0,1,0,0,Hip hop,0,1,99.0,1,3,2,1,1,3,0,1,3,0,1,2,2,3,1,2,10.0,7.0,0.0,0.0,Improve,8,5.0,0,1,1,99.0,0
74.0,I do not use a streaming service.,1.0,0,0,0,Pop,0,0,129.0,1,3,0,2,2,0,1,0,2,0,0,3,2,0,2,0,4.0,2.0,1.0,0.0,Improve,7,1.0,0,0,0,129.0,3
36.0,Pandora,1.0,1,0,0,Hip hop,0,0,131.0,2,0,0,0,0,3,0,0,0,0,0,3,2,2,2,0,7.0,6.0,2.0,3.0,Improve,6,1.0,0,1,0,131.0,1
14.0,Spotify,7.0,1,0,0,Lofi,1,1,95.0,0,0,0,0,0,2,0,0,0,3,0,3,0,2,0,1,3.0,2.0,8.0,0.0,Improve,4,7.0,0,1,2,95.0,0
20.0,Spotify,3.0,0,1,1,Hip hop,1,1,80.0,3,1,1,2,0,3,2,0,2,1,1,2,2,3,3,1,10.0,7.0,4.0,3.0,Improve,9,3.0,2,0,2,80.0,2
15.0,Spotify,3.0,1,0,0,K pop,1,1,204.0,1,0,1,0,0,3,2,3,0,0,0,1,2,3,2,3,4.0,0.0,0.0,0.0,No effect,7,3.0,0,1,2,204.0,4
19.0,I do not use a streaming service.,7.0,1,0,0,Rock,0,0,128.0,2,1,0,1,0,0,2,0,0,0,1,0,0,0,3,2,7.0,7.0,0.0,0.0,Improve,4,7.0,0,1,0,128.0,1
29.0,Spotify,8.0,1,0,0,EDM,0,1,140.0,1,2,3,2,0,2,1,0,0,1,2,0,0,3,3,3,6.0,7.0,4.0,1.0,Improve,8,8.0,0,1,1,140.0,0
24.0,Spotify,2.0,1,0,0,Metal,1,0,159.0,0,1,3,2,3,0,0,0,0,1,3,1,0,0,2,1,7.0,6.0,2.0,7.0,Improve,5,2.0,0,1,1,159.0,4
18.0,Apple Music,2.0,1,0,0,Pop,1,1,104.0,1,1,1,1,1,3,1,1,2,1,2,3,3,3,3,0,6.0,5.0,8.0,0.0,Improve,7,2.0,0,1,2,104.0,0
21.0,Spotify,2.0,1,0,0,Rock,1,1,97.0,2,0,0,2,0,1,1,1,0,1,0,3,1,1,3,1,10.0,10.0,2.0,3.0,Improve,4,2.0,0,1,2,97.0,0
19.0,Spotify,2.0,1,0,0,K pop,1,1,80.0,1,0,1,0,0,2,2,3,0,2,0,2,3,1,2,2,7.0,6.0,5.0,1.0,Improve,8,2.0,0,1,2,80.0,0
25.0,Spotify,4.0,0,0,0,Video game music,1,1,134.0,2,0,0,1,1,0,0,1,3,0,0,3,2,0,0,3,3.0,0.0,0.0,0.0,Improve,5,4.0,0,0,2,134.0,3
28.0,Spotify,8.0,1,0,0,Rock,1,1,,1,1,1,2,1,2,2,1,1,3,1,3,2,2,3,2,8.0,2.0,1.0,0.0,No effect,9,8.0,0,1,2,120.0,0
27.0,Other streaming service,4.0,1,0,0,Rap,1,0,135.0,1,0,0,0,0,2,1,2,0,2,0,1,0,3,1,1,7.0,6.0,6.0,5.0,Improve,4,4.0,0,1,1,135.0,1
60.0,Spotify,1.0,0,0,0,Rock,1,0,129.0,2,1,0,2,0,0,2,0,0,0,0,1,1,0,2,0,3.0,2.0,5.0,0.0,No effect,4,1.0,0,0,1,129.0,3
25.0,YouTube Music,5.0,0,0,0,Metal,0,1,,1,1,0,1,0,0,0,0,0,0,3,2,0,0,2,1,8.0,2.0,1.0,0.0,Improve,3,5.0,0,0,1,120.0,3
60.0,Other streaming service,2.0,1,0,0,Rock,0,0,,1,2,0,0,0,0,0,0,0,0,2,1,2,0,3,0,7.0,7.0,2.0,4.0,Improve,4,2.0,0,1,0,120.0,1
43.0,Other streaming service,1.0,0,0,0,Country,0,0,110.0,0,3,0,0,0,1,0,0,0,0,0,2,0,0,1,0,5.0,1.0,1.0,1.0,Improve,2,1.0,0,0,0,110.0,3
51.0,I do not use a streaming service.,5.0,1,0,0,Rock,0,0,180.0,2,1,0,2,0,0,1,0,0,0,2,1,1,0,3,1,1.0,2.0,1.0,0.0,No effect,4,5.0,0,1,0,180.0,4
63.0,YouTube Music,8.0,1,0,0,Rock,1,0,70.0,2,2,1,1,0,0,1,0,1,1,0,2,1,0,2,0,2.0,1.0,2.0,2.0,Improve,4,8.0,0,1,1,70.0,1
64.0,YouTube Music,2.0,1,0,0,Classical,0,0,,3,0,1,3,0,1,1,0,1,1,0,3,1,0,1,0,5.0,2.0,4.0,0.0,Improve,3,2.0,0,1,0,120.0,1
22.0,Spotify,2.0,1,0,0,Pop,0,0,,2,1,2,2,1,2,0,1,0,3,1,3,1,2,2,1,7.0,2.0,1.0,0.0,Improve,8,2.0,0,1,0,120.0,1
24.0,YouTube Music,1.0,1,0,0,Folk,0,1,103.0,2,0,3,3,1,2,2,1,1,3,1,2,1,2,3,3,10.0,10.0,7.0,8.0,Improve,10,1.0,0,1,1,103.0,0
19.0,Spotify,8.0,1,0,0,Pop,1,1,99.0,1,2,2,3,0,3,0,3,2,1,1,3,2,3,3,1,7.0,2.0,1.0,6.0,Improve,10,8.0,0,1,2,99.0,0
56.0,Apple Music,8.0,1,0,0,Pop,1,0,117.0,2,1,1,2,0,2,2,1,1,1,2,2,2,2,2,0,6.0,4.0,1.0,0.0,Improve,9,8.0,0,1,1,117.0,0
20.0,Spotify,1.0,0,0,0,EDM,1,0,102.0,1,0,3,0,0,2,0,1,1,3,1,3,0,0,0,0,5.0,9.0,6.0,1.0,Improve,4,1.0,0,0,1,102.0,3
19.0,I do not use a streaming service.,1.0,1,1,0,Video game music,0,0,127.0,3,0,0,1,1,2,2,1,1,3,0,2,2,1,1,3,7.0,5.0,7.0,0.0,Improve,7,1.0,1,1,0,127.0,1
20.0,Spotify,8.0,1,0,0,Jazz,1,1,93.0,1,2,1,3,0,2,3,1,2,3,0,2,1,2,2,1,7.0,6.0,7.0,4.0,Improve,9,8.0,0,1,2,93.0,0
60.0,Spotify,2.0,1,0,0,Rock,0,0,,1,1,0,1,1,0,1,0,0,0,1,2,2,0,3,0,0.0,0.0,0.0,0.0,Improve,3,2.0,0,1,0,120.0,1
65.0,Apple Music,6.0,1,0,0,R&B,0,1,146.0,1,1,0,1,1,1,1,1,2,0,0,2,3,0,2,0,3.0,5.0,0.0,2.0,No effect,4,6.0,0,1,1,146.0,4
18.0,I do not use a streaming service.,4.0,1,1,0,EDM,0,1,150.0,3,0,3,0,0,0,1,0,0,1,0,2,0,1,1,2,8.0,7.0,10.0,6.0,Improve,4,4.0,1,1,1,150.0,4
42.0,Spotify,2.0,1,0,0,Rock,0,1,85.0,1,0,0,0,0,1,0,0,0,0,0,2,1,1,2,1,2.0,4.0,5.0,2.0,Improve,2,2.0,0,1,1,85.0,1
80.0,I do not use a streaming service.,3.0,1,1,0,Classical,0,0,122.0,3,1,0,1,0,0,1,1,0,1,1,2,0,0,0,2,7.0,3.0,9.0,2.0,Improve,3,3.0,1,1,0,122.0,1
22.0,I do not use a streaming service.,4.0,0,0,1,Pop,1,0,,1,2,3,2,0,1,0,0,0,0,1,3,3,1,2,0,8.0,7.0,4.0,4.0,Improve,6,4.0,1,0,1,120.0,3
56.0,Other streaming service,2.0,0,0,0,Jazz,1,1,120.0,2,0,2,2,1,0,3,0,1,1,1,2,1,0,2,1,0.0,0.0,0.0,5.0,No effect,6,2.0,0,0,2,120.0,3
20.0,YouTube Music,1.0,1,0,0,Pop,0,1,120.0,0,0,2,0,0,1,2,3,1,1,0,3,2,1,1,0,8.0,6.0,9.0,8.0,Improve,5,1.0,0,1,1,120.0,1
15.0,Spotify,1.0,1,0,0,Video game music,1,1,150.0,0,1,2,0,0,2,1,0,0,3,2,2,1,1,3,3,4.0,2.0,3.0,2.0,Improve,7,1.0,0,1,2,150.0,4
67.0,I do not use a streaming service.,1.0,0,0,0,Rock,0,0,,2,2,0,2,2,2,2,0,2,0,2,2,2,2,2,0,3.0,2.0,2.0,2.0,,12,1.0,0,0,0,120.0,3
57.0,Spotify,2.0,1,1,0,Gospel,0,0,174.0,2,0,0,1,3,0,2,0,1,0,0,2,2,0,1,0,6.0,4.0,10.0,0.0,Improve,5,2.0,1,1,0,174.0,4
22.0,Apple Music,7.0,1,0,0,Pop,1,1,112.0,0,0,2,1,0,3,0,3,2,0,0,3,3,3,2,1,8.0,8.0,10.0,0.0,Improve,8,7.0,0,1,2,112.0,0
17.0,Spotify,5.0,1,0,0,Pop,1,1,180.0,0,0,2,0,0,2,0,3,1,1,0,3,3,2,1,1,5.0,5.0,5.0,5.0,Improve,6,5.0,0,1,2,180.0,4
19.0,Spotify,3.0,1,0,0,Rock,0,0,121.0,0,3,0,1,2,0,0,0,0,0,1,3,0,2,3,2,10.0,8.0,6.0,2.0,No effect,6,3.0,0,1,0,121.0,1
50.0,I do not use a streaming service.,1.0,0,0,0,Rock,0,0,98.0,2,2,0,0,0,3,2,1,1,0,1,3,2,2,3,0,0.0,0.0,7.0,0.0,Improve,8,1.0,0,0,0,98.0,3
24.0,Spotify,6.0,1,1,1,Rock,1,1,118.0,0,1,2,3,0,1,1,2,0,1,3,2,0,1,3,2,8.0,8.0,10.0,0.0,Improve,7,6.0,2,1,2,118.0,2
67.0,Apple Music,2.0,0,0,0,Rock,1,0,,2,0,0,0,0,1,0,0,0,0,2,2,0,0,2,0,8.0,2.0,0.0,0.0,No effect,4,2.0,0,0,1,120.0,3
18.0,Other streaming service,3.0,1,1,1,Metal,1,0,135.0,2,2,0,1,1,1,0,0,0,0,3,0,1,1,1,0,7.0,8.0,4.0,10.0,Improve,3,3.0,2,1,1,135.0,2
20.0,Spotify,1.5,1,0,0,Country,0,0,,1,3,2,0,0,2,2,2,1,0,0,2,0,2,2,0,0.0,2.0,0.0,1.0,Improve,8,1.5,0,1,0,120.0,1
15.0,Spotify,4.0,1,1,0,Pop,1,0,105.0,0,1,0,0,2,1,1,1,1,2,1,3,2,2,3,2,3.0,5.0,4.0,0.0,Improve,7,4.0,1,1,1,105.0,2
17.0,Spotify,2.0,1,1,0,Pop,1,1,122.0,1,0,0,1,0,2,0,3,1,0,0,3,0,2,0,0,5.0,2.0,3.0,1.0,Improve,4,2.0,1,1,2,122.0,2
32.0,YouTube Music,2.0,1,0,0,Folk,1,0,,0,0,2,2,0,2,2,0,1,2,0,2,2,2,2,2,6.0,1.0,0.0,0.0,Improve,10,2.0,0,1,1,120.0,0
18.0,Spotify,2.0,0,0,0,Rap,1,1,136.0,1,0,0,0,0,3,1,0,0,0,1,2,1,3,1,3,6.0,3.0,4.0,2.0,Improve,4,2.0,0,0,2,136.0,3
18.0,Spotify,1.0,1,1,1,Rock,1,0,165.0,2,0,2,0,0,1,1,0,0,1,3,2,0,1,3,1,5.0,6.0,8.0,2.0,Improve,5,1.0,2,1,1,165.0,2
18.0,Spotify,3.0,1,0,0,K pop,1,1,130.0,2,0,0,0,0,2,0,3,0,1,0,2,3,1,2,1,8.0,4.0,7.0,5.0,Improve,6,3.0,0,1,2,130.0,0
19.0,Spotify,3.0,1,0,0,Pop,1,0,,0,0,3,0,0,3,1,1,1,1,1,3,2,3,1,2,1.0,1.0,2.0,3.0,Improve,6,3.0,0,1,1,120.0,1
18.0,Spotify,2.0,0,1,0,Rock,1,0,115.0,0,0,0,0,0,1,0,0,0,0,2,2,1,1,3,0,8.0,3.0,1.0,3.0,Improve,3,2.0,1,0,1,115.0,3
17.0,Other streaming service,6.0,1,0,1,Rap,1,0,140.0,1,0,1,0,2,3,2,0,0,2,0,2,2,3,1,0,3.0,3.0,0.0,0.0,Improve,7,6.0,1,1,1,140.0,2
34.0,Spotify,3.0,1,0,0,Classical,0,1,95.0,3,0,0,0,0,0,1,0,0,1,2,1,0,0,2,2,0.0,0.0,0.0,0.0,No effect,4,3.0,0,1,1,95.0,1
18.0,YouTube Music,3.0,1,0,0,Pop,0,0,150.0,1,1,2,1,0,3,1,1,0,1,1,3,1,3,1,2,5.0,4.0,2.0,0.0,No effect,5,3.0,0,1,0,150.0,1
18.0,Spotify,2.0,1,0,0,R&B,1,0,97.0,0,0,0,0,2,3,1,0,1,1,0,2,3,3,1,0,2.0,4.0,0.0,0.0,Improve,5,2.0,0,1,1,97.0,1
22.0,I do not use a streaming service.,2.0,1,0,0,Video game music,0,0,,2,1,1,0,3,1,2,1,1,1,0,1,0,0,0,3,4.0,6.0,0.0,2.0,Improve,4,2.0,0,1,0,120.0,1
18.0,Spotify,2.0,1,0,1,Pop,1,0,,2,1,2,0,0,1,2,1,0,2,0,3,1,0,2,2,5.0,7.0,2.0,0.0,Improve,7,2.0,1,1,1,120.0,2
19.0,Spotify,3.0,1,0,0,Rock,1,1,122.0,2,1,1,2,1,2,1,1,1,1,1,2,1,2,3,0,4.0,0.0,7.0,0.0,No effect,6,3.0,0,1,2,122.0,0
25.0,I do not use a streaming service.,4.0,1,0,0,Pop,1,1,150.0,1,0,2,0,0,3,0,1,1,1,2,3,1,3,3,1,10.0,8.0,6.0,2.0,No effect,6,4.0,0,1,2,150.0,4
17.0,Spotify,2.0,1,1,1,R&B,1,0,,3,1,0,1,1,1,2,2,1,2,1,3,3,1,2,0,3.0,3.0,1.0,0.0,Improve,7,2.0,2,1,1,120.0,2
25.0,Spotify,5.0,1,1,0,Rock,1,0,125.0,2,2,1,0,0,2,0,1,0,1,2,2,0,2,3,2,8.0,7.0,2.0,1.0,Improve,8,5.0,1,1,1,125.0,2
18.0,Spotify,2.0,1,0,0,R&B,0,0,96.0,2,1,0,0,0,2,1,0,0,3,1,3,3,2,3,1,3.0,3.0,0.0,3.0,Improve,7,2.0,0,1,0,96.0,1
21.0,Spotify,1.0,0,0,0,K pop,1,0,,1,1,2,1,0,3,1,3,1,1,2,3,2,2,3,1,4.0,5.0,2.0,5.0,,8,1.0,0,0,1,120.0,3
24.0,Spotify,7.0,1,0,0,Folk,1,1,137.0,2,1,1,3,0,1,1,0,1,2,1,3,1,1,3,3,10.0,10.0,8.0,10.0,Improve,6,7.0,0,1,2,137.0,0
16.0,Spotify,3.0,1,1,0,K pop,0,1,174.0,1,0,2,0,0,1,2,3,2,2,0,3,1,2,0,0,10.0,2.0,7.0,8.0,Improve,7,3.0,1,1,1,174.0,4
18.0,Spotify,3.0,0,1,1,Metal,1,0,210.0,0,0,0,1,0,2,3,0,1,0,3,1,2,2,2,1,9.0,6.0,8.0,5.0,Improve,6,3.0,2,0,1,210.0,4
18.0,Spotify,4.0,1,0,0,R&B,1,1,129.0,1,1,1,0,0,3,2,0,0,1,0,3,3,3,3,1,6.0,4.0,1.0,6.0,Improve,6,4.0,0,1,2,129.0,0
16.0,Spotify,3.0,1,0,0,Pop,1,0,112.0,3,0,0,0,0,1,1,0,0,0,0,3,3,0,2,0,3.0,4.0,6.0,8.0,Improve,4,3.0,0,1,1,112.0,1
21.0,Spotify,1.0,0,0,0,R&B,1,1,81.0,0,0,0,0,1,3,0,0,0,0,0,3,3,2,0,0,3.0,0.0,0.0,0.0,Improve,4,1.0,0,0,2,81.0,3
53.0,Pandora,4.0,1,0,0,R&B,1,1,153.0,1,2,1,1,1,3,1,2,1,0,2,1,2,2,2,1,1.0,0.0,0.0,0.0,Improve,7,4.0,0,1,2,153.0,4
29.0,Spotify,4.0,1,0,0,Classical,1,0,120.0,3,0,3,0,0,0,2,0,1,1,0,2,0,0,1,1,5.0,6.0,7.0,7.0,No effect,4,4.0,0,1,1,120.0,1
18.0,Spotify,3.0,1,0,0,Video game music,1,1,89.0,2,0,0,0,0,0,2,1,0,3,0,1,2,0,0,3,7.0,0.0,3.0,1.0,No effect,5,3.0,0,1,2,89.0,0
29.0,Spotify,2.0,1,0,0,Pop,0,0,,0,0,1,1,0,3,0,0,0,2,1,3,0,3,0,3,10.0,8.0,8.0,9.0,Improve,5,2.0,0,1,0,120.0,1
18.0,Spotify,4.0,1,1,0,R&B,1,1,169.0,1,2,3,0,1,3,1,2,2,2,1,2,3,2,1,2,3.0,0.0,3.0,4.0,Improve,10,4.0,1,1,2,169.0,4
22.0,Spotify,5.0,1,0,0,EDM,1,1,138.0,0,0,3,0,0,3,0,0,0,3,0,3,3,3,3,2,1.0,0.0,0.0,1.0,No effect,8,5.0,0,1,2,138.0,0
19.0,Other streaming service,6.0,1,0,0,Pop,0,0,124.0,2,1,1,1,3,2,1,2,3,1,1,3,2,2,2,2,6.0,6.0,0.0,0.0,Improve,10,6.0,0,1,0,124.0,1
13.0,YouTube Music,1.0,1,0,0,Video game music,1,0,,0,0,2,0,0,1,2,0,0,2,1,1,1,0,2,3,4.0,3.0,4.0,0.0,Improve,5,1.0,0,1,1,120.0,1
26.0,I do not use a streaming service.,1.0,0,0,0,Pop,0,0,192.0,0,1,2,2,0,1,1,2,2,3,0,3,1,1,2,0,6.0,4.0,0.0,0.0,Improve,7,1.0,0,0,0,192.0,3
14.0,Spotify,3.0,1,0,0,Rock,1,0,76.0,0,0,0,0,0,2,1,0,0,0,1,2,0,0,3,2,2.0,6.0,3.0,0.0,Worsen,4,3.0,0,1,1,76.0,1
27.0,Spotify,1.0,1,0,0,Pop,1,1,119.0,1,1,1,0,1,2,1,3,0,2,0,3,2,2,2,3,8.0,3.0,3.0,3.0,Improve,8,1.0,0,1,2,119.0,0
26.0,Spotify,8.0,0,0,0,Rock,0,1,172.0,0,2,2,3,0,3,1,3,0,0,2,2,3,3,3,3,8.0,10.0,7.0,3.0,No effect,11,8.0,0,0,1,172.0,3
59.0,Other streaming service,1.0,0,1,0,Rock,0,0,79.0,1,0,0,1,2,0,1,0,1,0,0,1,1,0,3,0,1.0,0.0,0.0,1.0,Improve,2,1.0,1,0,0,79.0,3
30.0,Spotify,8.0,1,1,1,Rock,1,0,112.0,2,2,0,1,0,2,2,0,2,2,1,2,2,2,3,0,8.0,6.0,6.0,8.0,Improve,10,8.0,2,1,1,112.0,2
27.0,Spotify,1.0,1,0,0,Pop,1,1,130.0,0,1,2,0,0,2,0,1,2,0,0,3,2,2,2,0,6.0,3.0,1.0,7.0,Improve,7,1.0,0,1,2,130.0,0
18.0,Apple Music,1.0,0,1,0,Rap,1,1,116.0,1,0,0,0,0,2,0,0,1,2,0,2,0,3,0,2,2.0,0.0,3.0,0.0,Improve,5,1.0,1,0,2,116.0,3
23.0,I do not use a streaming service.,10.0,1,1,1,Metal,0,1,165.0,0,0,0,0,0,0,0,0,0,0,3,0,0,0,2,0,0.0,0.0,0.0,0.0,No effect,2,10.0,2,1,1,165.0,2
18.0,Spotify,10.0,1,1,1,Rock,1,0,110.0,2,2,2,2,1,2,2,2,1,1,3,3,2,2,3,0,10.0,10.0,6.0,6.0,Improve,12,10.0,2,1,1,110.0,2
40.0,Spotify,5.0,1,0,0,Rock,1,1,174.0,2,2,2,2,0,3,1,1,2,1,2,3,2,3,3,1,3.0,0.0,0.0,1.0,Improve,11,5.0,0,1,2,174.0,4
24.0,Spotify,10.0,1,0,0,Rock,1,1,180.0,2,0,0,1,0,0,0,0,0,1,2,2,0,0,3,2,7.0,9.0,10.0,0.0,Improve,5,10.0,0,1,2,180.0,4
23.0,Spotify,2.0,1,1,0,Classical,1,1,171.0,3,0,1,1,0,0,2,0,1,2,0,3,1,0,3,0,8.0,7.0,6.0,2.0,Improve,5,2.0,1,1,2,171.0,4
56.0,Other streaming service,6.0,1,0,0,R&B,0,0,,0,0,0,0,0,2,1,0,0,0,0,0,2,0,0,0,2.0,0.0,10.0,10.0,Improve,2,6.0,0,1,0,120.0,1
29.0,Other streaming service,2.0,1,0,0,R&B,1,0,70.0,1,0,3,0,0,3,1,1,2,2,0,3,3,1,0,2,10.0,7.0,9.0,3.0,No effect,7,2.0,0,1,1,70.0,1
16.0,Other streaming service,3.0,1,0,0,Pop,0,1,120.0,0,0,0,0,0,3,0,3,0,0,0,3,2,0,0,0,6.0,0.0,0.0,0.0,Improve,4,3.0,0,1,1,120.0,1
18.0,Spotify,8.0,1,1,1,Gospel,1,1,56.0,1,0,1,0,3,2,2,0,2,3,0,2,3,2,0,2,3.0,0.0,2.0,2.0,Improve,9,8.0,2,1,2,56.0,2
21.0,Spotify,8.0,1,0,0,Lofi,1,1,162.0,3,3,3,3,3,3,3,3,3,3,3,3,3,3,3,3,6.0,5.0,9.0,8.0,Improve,16,8.0,0,1,2,162.0,0
32.0,Spotify,8.0,1,0,0,Rock,1,0,101.0,0,0,0,1,0,2,0,0,0,0,2,1,1,2,3,2,7.0,6.0,5.0,8.0,Improve,5,8.0,0,1,1,101.0,1
22.0,YouTube Music,8.0,1,1,0,Metal,1,0,110.0,2,0,2,1,1,1,2,0,0,0,3,1,1,0,3,3,10.0,7.0,8.0,6.0,Improve,6,8.0,1,1,1,110.0,2
17.0,Spotify,12.0,1,1,0,Latin,1,0,172.0,3,0,1,1,2,3,0,1,3,1,2,1,0,3,3,2,0.0,3.0,9.0,5.0,No effect,8,12.0,1,1,1,172.0,4
18.0,Spotify,6.0,1,0,0,EDM,1,1,90.0,1,0,3,0,0,2,1,3,3,3,0,3,3,3,1,2,0.0,2.0,1.0,5.0,Improve,9,6.0,0,1,2,90.0,0
18.0,Spotify,4.0,1,1,0,R&B,0,1,135.0,2,1,2,0,2,2,0,3,3,1,0,2,3,3,0,1,2.0,0.0,0.0,0.0,No effect,9,4.0,1,1,1,135.0,2
24.0,Spotify,8.0,1,0,0,Jazz,1,0,81.0,3,0,1,0,0,3,3,0,1,3,0,1,2,2,3,1,2.0,2.0,4.0,0.0,No effect,7,8.0,0,1,1,81.0,0
21.0,Spotify,2.0,0,0,0,Pop,0,0,170.0,1,0,0,0,1,2,0,0,0,2,2,3,2,2,3,2,5.0,6.0,3.0,4.0,No effect,8,2.0,0,0,0,170.0,3
46.0,I do not use a streaming service.,1.0,0,0,0,Rock,0,0,120.0,0,2,0,0,0,0,0,0,0,0,0,2,0,0,2,0,0.0,0.0,1.0,0.0,No effect,3,1.0,0,0,0,120.0,3
18.0,Spotify,2.0,1,1,0,Hip hop,1,0,90.0,0,0,0,0,2,3,0,0,0,2,0,2,3,3,0,0,5.0,4.0,3.0,7.0,Improve,6,2.0,1,1,1,90.0,2
16.0,Spotify,3.0,1,1,0,K pop,1,1,115.0,1,0,1,0,0,3,3,3,0,2,0,3,3,3,3,2,2.0,7.0,0.0,0.0,Improve,9,3.0,1,1,2,115.0,2
21.0,Spotify,1.0,1,0,0,Video game music,1,1,,3,3,1,2,1,2,2,0,0,3,1,2,0,2,2,3,0.0,6.0,0.0,4.0,Improve,10,1.0,0,1,2,120.0,0
19.0,I do not use a streaming service.,0.0,0,0,0,Classical,1,1,,3,1,2,1,1,2,1,1,1,1,0,1,1,1,1,1,0.0,0.0,0.0,0.0,Improve,3,0.0,0,0,2,120.0,3
20.0,Spotify,2.0,1,1,1,Rap,1,1,,2,0,1,0,0,2,2,0,0,1,0,2,2,3,2,2,7.0,5.0,1.0,3.0,Improve,8,2.0,2,1,2,120.0,2
21.0,Other streaming service,0.1,1,1,0,Folk,0,1,,2,0,0,3,2,1,0,0,0,0,0,1,0,1,2,0,7.0,5.0,3.0,1.0,No effect,4,0.1,1,1,1,120.0,1
56.0,I do not use a streaming service.,2.0,1,0,0,Rock,0,1,220.0,1,0,0,0,0,0,0,0,0,0,3,0,0,1,3,0,3.0,3.0,1.0,8.0,No effect,2,2.0,0,1,1,220.0,4
21.0,Spotify,12.0,1,0,0,Rock,1,1,160.0,2,1,3,1,1,2,2,1,0,2,3,2,1,2,3,1,7.0,10.0,4.0,7.0,Worsen,9,12.0,0,1,2,160.0,0
20.0,Spotify,1.0,1,0,0,Pop,1,0,121.0,1,0,0,3,0,1,1,1,0,2,1,3,1,1,3,0,3.0,2.0,3.0,0.0,Improve,4,1.0,0,1,1,121.0,1
21.0,Apple Music,1.0,1,0,0,Rock,0,0,105.0,2,0,1,0,0,1,1,0,0,0,1,2,0,0,3,1,5.0,1.0,1.0,9.0,Improve,3,1.0,0,1,0,105.0,1
25.0,Spotify,3.0,1,0,0,Rock,0,0,110.0,0,1,0,2,0,0,0,0,0,2,0,1,0,0,3,2,8.0,9.0,4.0,10.0,Improve,4,3.0,0,1,0,110.0,1
33.0,Spotify,2.0,1,0,0,Metal,1,1,134.0,1,0,0,2,0,2,1,0,0,0,3,2,2,2,3,2,4.0,8.0,0.0,0.0,Improve,8,2.0,0,1,2,134.0,0
20.0,Spotify,2.0,1,0,0,Rock,1,1,148.0,1,1,1,1,0,2,2,1,2,2,3,3,2,2,3,1,7.0,9.0,7.0,0.0,Improve,9,2.0,0,1,2,148.0,0
17.0,Spotify,3.0,1,1,0,Rock,1,0,120.0,2,2,2,0,0,0,0,1,0,1,3,3,0,1,3,0,1.0,5.0,6.0,4.0,No effect,6,3.0,1,1,1,120.0,2
24.0,YouTube Music,1.0,0,0,0,Jazz,1,1,122.0,1,0,2,1,0,0,2,1,0,1,1,2,1,0,2,3,3.0,2.0,1.0,0.0,No effect,5,1.0,0,0,2,122.0,3
26.0,Spotify,3.0,1,1,1,Jazz,1,1,90.0,1,1,1,1,0,2,3,0,2,1,3,1,2,1,3,1,6.0,8.0,0.0,0.0,Improve,6,3.0,2,1,2,90.0,2
17.0,YouTube Music,3.0,1,0,0,Rock,0,0,122.0,1,1,0,1,0,1,1,0,0,1,3,2,0,2,3,3,6.0,3.0,6.0,0.0,Improve,5,3.0,0,1,0,122.0,1
16.0,Spotify,5.0,1,1,1,Metal,1,1,129.0,2,0,0,1,0,1,2,0,0,1,3,2,0,2,3,2,7.0,4.0,8.0,0.0,Improve,7,5.0,2,1,2,129.0,2
27.0,Spotify,8.0,1,0,0,Metal,1,0,132.0,0,0,1,0,0,2,0,0,0,0,3,3,3,1,2,0,2.0,6.0,9.0,1.0,No effect,5,8.0,0,1,1,132.0,1
28.0,Spotify,4.0,1,0,0,Hip hop,1,1,178.0,1,2,2,1,0,3,0,0,3,2,1,3,1,3,2,1,8.0,5.0,3.0,8.0,Improve,8,4.0,0,1,2,178.0,4
48.0,I do not use a streaming service.,5.0,1,0,1,Rock,1,1,,3,2,2,3,0,2,1,0,1,0,1,1,1,1,3,1,3.0,3.0,0.0,0.0,Improve,6,5.0,1,1,2,120.0,2
19.0,Spotify,3.0,1,0,0,Rap,0,1,115.0,0,0,1,1,0,2,0,1,0,3,2,3,2,3,2,2,7.0,5.0,3.0,3.0,Improve,8,3.0,0,1,1,115.0,0
21.0,YouTube Music,4.0,1,0,0,Rock,1,1,137.0,2,3,1,3,0,2,0,0,0,1,2,3,2,2,3,1,4.0,8.0,2.0,3.0,Improve,9,4.0,0,1,2,137.0,0
21.0,I do not use a streaming service.,1.0,1,1,0,Classical,0,0,92.0,3,0,0,0,0,0,0,0,0,0,0,0,0,0,0,1,3.0,0.0,0.0,5.0,Improve,1,1.0,1,1,0,92.0,1
15.0,Spotify,4.0,1,0,0,Metal,1,1,140.0,1,0,2,1,0,1,0,1,0,0,3,2,2,2,3,1,10.0,7.0,3.0,2.0,Improve,6,4.0,0,1,2,140.0,0
20.0,Spotify,1.0,0,0,0,Rock,1,1,130.0,2,2,1,3,1,1,3,0,0,0,0,3,1,1,3,0,10.0,4.0,8.0,0.0,Improve,6,1.0,0,0,2,130.0,3
21.0,YouTube Music,2.0,1,1,0,Video game music,0,1,,2,0,1,2,1,0,1,0,2,2,1,3,2,0,3,3,2.0,2.0,0.0,0.0,Improve,8,2.0,1,1,1,120.0,2
22.0,Spotify,6.0,1,0,0,Folk,1,0,63.0,0,1,2,3,0,1,1,0,2,2,0,1,1,1,3,2,8.0,7.0,7.0,3.0,Improve,6,6.0,0,1,1,63.0,0
22.0,Spotify,2.0,0,0,0,Rock,0,0,119.0,1,0,0,0,0,1,1,1,0,0,3,3,0,0,3,2,10.0,5.0,2.0,8.0,Improve,4,2.0,0,0,0,119.0,3
31.0,Spotify,1.0,1,0,0,Rock,1,0,,3,1,2,1,0,1,1,1,1,2,2,2,0,3,3,3,9.0,10.0,10.0,6.0,No effect,8,1.0,0,1,1,120.0,0
20.0,YouTube Music,4.0,1,1,0,Metal,1,0,180.0,1,2,0,0,0,0,1,0,0,0,3,0,0,0,3,2,5.0,2.0,1.0,6.0,Improve,4,4.0,1,1,1,180.0,4
49.0,I do not use a streaming service.,8.0,1,1,1,Classical,0,0,68.0,3,0,0,0,0,0,1,0,0,0,1,1,0,0,1,0,4.0,8.0,9.0,1.0,Improve,1,8.0,2,1,0,68.0,1
42.0,Spotify,2.0,1,0,0,Metal,1,1,85.0,2,1,0,0,1,1,0,2,2,1,3,3,2,0,3,3,7.0,8.0,5.0,3.0,Improve,8,2.0,0,1,2,85.0,0
26.0,Spotify,2.0,1,0,0,EDM,1,1,128.0,1,2,3,2,0,2,1,0,2,1,1,2,1,2,3,0,2.0,2.0,0.0,3.0,No effect,8,2.0,0,1,2,128.0,0
17.0,Spotify,10.0,1,0,1,K pop,1,1,150.0,1,2,1,1,0,3,0,3,1,2,3,3,2,3,3,2,10.0,3.0,0.0,4.0,Improve,10,10.0,1,1,2,150.0,0
23.0,Spotify,6.0,1,0,0,Folk,1,1,92.0,2,2,1,2,0,2,2,2,1,1,1,2,2,2,2,1,3.0,7.0,7.0,4.0,No effect,10,6.0,0,1,2,92.0,0
30.0,Apple Music,3.0,1,0,0,EDM,1,1,121.0,1,0,3,0,1,2,0,3,0,0,1,3,2,2,2,0,7.0,5.0,7.0,7.0,Improve,7,3.0,0,1,2,121.0,0
31.0,Spotify,2.0,1,0,0,Metal,0,1,155.0,1,2,0,3,0,1,1,0,0,0,3,3,3,1,3,2,7.0,4.0,8.0,8.0,Improve,7,2.0,0,1,1,155.0,4
42.0,Other streaming service,0.25,0,1,0,Classical,1,1,150.0,3,1,0,0,0,0,2,0,1,0,1,2,1,1,2,0,7.0,9.0,4.0,5.0,Improve,4,0.25,1,0,2,150.0,3
34.0,YouTube Music,2.0,0,0,0,Metal,1,0,136.0,2,1,0,2,0,1,1,1,1,0,3,2,1,1,3,0,5.0,9.0,9.0,6.0,Improve,5,2.0,0,0,1,136.0,3
21.0,YouTube Music,2.0,1,0,0,Pop,1,0,121.0,2,0,3,1,0,1,1,1,2,1,2,3,3,1,2,2,5.0,4.0,10.0,7.0,No effect,8,2.0,0,1,1,121.0,0
27.0,YouTube Music,3.0,1,0,0,Pop,0,0,113.0,1,1,1,1,0,3,1,1,1,1,1,3,3,2,2,1,7.0,2.0,0.0,1.0,Improve,5,3.0,0,1,0,113.0,1
18.0,Spotify,6.0,1,0,0,Folk,1,1,80.0,0,3,3,3,2,2,1,1,1,2,2,3,2,2,3,2,8.0,6.0,0.0,2.0,Improve,12,6.0,0,1,2,80.0,0
26.0,Spotify,3.0,0,0,0,Metal,1,0,140.0,1,3,0,3,1,2,2,0,0,1,3,1,1,2,3,1,1.0,3.0,10.0,0.0,No effect,7,3.0,0,0,1,140.0,3
37.0,Spotify,2.0,1,0,0,Rock,1,0,100.0,0,0,0,0,0,1,0,0,0,0,2,2,1,1,2,0,8.0,10.0,10.0,2.0,Worsen,3,2.0,0,1,1,100.0,1
26.0,Spotify,5.0,1,1,0,Folk,1,1,92.0,2,1,1,3,0,3,3,0,1,1,2,2,2,3,3,1,4.0,7.0,6.0,0.0,No effect,9,5.0,1,1,2,92.0,2
19.0,Spotify,4.0,0,0,0,Pop,0,1,120.0,0,0,2,0,0,2,2,2,2,1,0,3,2,2,2,2,9.0,6.0,3.0,0.0,No effect,10,4.0,0,0,1,120.0,3
22.0,Spotify,4.0,1,0,0,Rock,1,0,93.0,0,1,0,0,0,1,0,0,0,1,2,3,1,1,3,3,10.0,7.0,4.0,4.0,Improve,4,4.0,0,1,1,93.0,1
43.0,I do not use a streaming service.,0.0,0,0,0,Rock,0,0,,1,0,0,0,0,1,0,0,0,0,0,2,1,1,2,0,1.0,2.0,2.0,0.0,No effect,2,0.0,0,0,0,120.0,3
24.0,I do not use a streaming service.,12.0,1,1,1,Rock,1,0,136.0,2,1,0,2,1,1,1,0,1,0,3,3,1,1,3,3,7.0,10.0,0.0,8.0,Improve,6,12.0,2,1,1,136.0,2
21.0,I do not use a streaming service.,0.5,0,0,0,Pop,0,0,108.0,0,0,0,0,0,0,0,2,0,0,0,2,0,0,0,0,10.0,2.0,1.0,10.0,Worsen,2,0.5,0,0,0,108.0,3
28.0,I do not use a streaming service.,1.0,1,0,0,Rock,0,0,147.0,1,1,0,1,0,0,0,0,0,0,0,2,0,0,2,0,2.0,1.0,2.0,2.0,Improve,2,1.0,0,1,0,147.0,1
23.0,YouTube Music,3.0,1,0,0,R&B,1,1,93.0,3,0,0,3,0,3,3,0,1,3,1,3,3,3,2,1,3.0,10.0,0.0,0.0,No effect,9,3.0,0,1,2,93.0,0
20.0,Apple Music,12.0,0,0,0,Rock,1,1,98.0,0,2,1,2,2,2,2,1,0,0,2,3,2,2,3,2,7.0,10.0,2.0,0.0,Improve,11,12.0,0,0,2,98.0,0
17.0,Spotify,4.0,1,1,1,Metal,0,0,120.0,0,1,3,0,0,0,1,0,0,1,3,2,0,0,3,2,4.0,2.0,0.0,0.0,Improve,5,4.0,2,1,0,120.0,2
19.0,Spotify,3.0,1,0,0,R&B,0,0,130.0,1,1,1,1,1,1,1,1,0,0,0,2,2,2,2,1,4.0,2.0,5.0,3.0,Improve,4,3.0,0,1,0,130.0,1
32.0,Spotify,1.0,1,0,0,Metal,1,1,218.0,2,2,2,2,0,1,0,3,1,0,3,1,1,2,3,1,6.0,8.0,7.0,0.0,Improve,8,1.0,0,1,2,218.0,4
18.0,YouTube Music,4.0,0,0,0,Folk,1,1,123.0,2,3,2,3,1,2,2,0,0,2,3,3,1,1,3,3,8.0,6.0,4.0,0.0,Improve,11,4.0,0,0,2,123.0,0
20.0,Other streaming service,2.0,1,1,1,Rock,1,0,135.0,2,1,0,1,0,0,1,1,0,0,0,3,0,0,3,2,2.0,2.0,0.0,0.0,No effect,4,2.0,2,1,1,135.0,2
27.0,Spotify,3.0,1,0,0,Rock,1,1,105.0,1,0,3,1,0,1,1,0,0,3,3,1,1,1,3,3,8.0,7.0,9.0,3.0,Improve,5,3.0,0,1,2,105.0,0
15.0,Spotify,3.0,1,1,0,Rock,0,0,132.0,2,0,0,0,0,0,0,0,0,1,3,0,0,0,3,1,4.0,3.0,5.0,0.0,No effect,3,3.0,1,1,0,132.0,1
26.0,Spotify,1.0,1,0,0,Rock,1,1,,1,1,2,2,0,0,0,0,1,3,1,3,1,1,3,2,6.0,1.0,0.0,4.0,No effect,6,1.0,0,1,2,120.0,0
24.0,Spotify,2.0,1,0,0,Pop,1,1,115.0,0,0,0,0,0,2,1,1,0,1,0,3,3,2,1,1,6.0,6.0,3.0,6.0,Improve,4,2.0,0,1,2,115.0,0
20.0,Spotify,1.0,1,0,0,K pop,1,1,120.0,2,0,1,0,2,0,1,3,0,2,0,3,2,0,1,0,8.0,7.0,1.0,1.0,No effect,6,1.0,0,1,2,120.0,0
21.0,YouTube Music,0.5,1,0,0,Pop,1,1,,0,1,0,1,0,1,1,1,0,2,0,3,1,1,2,1,5.0,3.0,4.0,1.0,Improve,3,0.5,0,1,2,120.0,1
16.0,Spotify,2.0,1,0,0,Video game music,0,0,149.0,3,0,0,0,0,0,0,0,0,0,0,1,0,1,0,3,6.0,2.0,4.0,3.0,Improve,2,2.0,0,1,0,149.0,1
21.0,Spotify,11.0,1,1,1,Metal,1,1,125.0,1,1,2,1,1,3,2,1,1,3,3,3,2,3,3,3,5.0,6.0,6.0,0.0,Improve,10,11.0,2,1,2,125.0,2
27.0,Spotify,10.0,1,1,1,Jazz,1,1,132.0,3,0,0,3,1,1,3,1,1,2,2,2,2,1,2,2,6.0,10.0,8.0,1.0,Improve,9,10.0,2,1,2,132.0,2
17.0,Spotify,5.0,1,1,0,Rock,1,0,110.0,3,1,1,2,1,3,3,0,1,3,2,2,3,3,3,2,7.0,3.0,9.0,7.0,Improve,11,5.0,1,1,1,110.0,2
21.0,Spotify,1.5,1,1,0,Classical,1,1,110.0,3,1,3,3,2,2,3,0,1,2,1,3,1,2,2,2,4.0,6.0,0.0,0.0,No effect,11,1.5,1,1,2,110.0,2
17.0,Spotify,2.0,1,0,0,Folk,1,1,116.0,3,2,0,3,2,1,3,0,2,2,0,3,1,0,2,1,9.0,4.0,0.0,1.0,Improve,9,2.0,0,1,2,116.0,0
21.0,Spotify,3.0,0,0,0,Rap,1,1,145.0,2,0,0,1,0,3,0,0,0,2,1,2,2,3,1,2,9.0,7.0,7.0,5.0,Improve,7,3.0,0,0,2,145.0,3
17.0,YouTube Music,2.0,0,0,1,Rock,1,0,,2,2,2,3,1,2,2,0,0,0,2,2,2,2,3,2,5.0,10.0,2.0,7.0,No effect,12,2.0,1,0,1,120.0,3
36.0,YouTube Music,3.0,1,0,0,Country,0,1,105.0,3,3,2,0,0,1,0,3,2,0,0,1,2,0,0,0,1.0,0.0,1.0,0.0,Improve,6,3.0,0,1,1,105.0,1
18.0,Spotify,4.0,0,0,0,R&B,1,1,80.0,1,0,1,0,2,3,0,3,0,1,0,3,3,3,0,0,8.0,7.0,2.0,6.0,Improve,6,4.0,0,0,2,80.0,3
18.0,Spotify,1.0,0,0,0,K pop,0,1,100.0,0,0,1,0,0,3,0,3,0,2,0,2,2,1,1,0,5.0,1.0,4.0,0.0,Improve,5,1.0,0,0,1,100.0,3
18.0,Apple Music,5.0,1,1,0,Latin,1,1,73.0,3,2,1,0,0,2,1,2,3,2,0,3,2,1,2,0,10.0,6.0,0.0,0.0,Improve,9,5.0,1,1,2,73.0,2
18.0,Apple Music,2.0,1,0,0,R&B,1,0,80.0,0,0,0,0,0,2,0,3,0,0,0,3,3,3,0,0,7.0,5.0,5.0,5.0,Improve,5,2.0,0,1,1,80.0,1
18.0,Spotify,7.0,1,0,0,Hip hop,1,1,,3,1,0,0,1,3,3,1,0,2,0,2,2,2,1,1,3.0,1.0,0.0,3.0,Improve,7,7.0,0,1,2,120.0,0
18.0,Spotify,2.0,1,0,0,Rap,1,1,,1,0,1,0,0,2,1,1,0,2,0,2,1,3,0,1,5.0,8.0,7.0,4.0,Improve,4,2.0,0,1,2,120.0,0
18.0,I do not use a streaming service.,1.0,1,0,0,Classical,0,0,120.0,2,2,1,1,1,2,2,1,1,3,0,1,1,1,1,1,2.0,0.0,0.0,5.0,No effect,5,1.0,0,1,0,120.0,1
18.0,I do not use a streaming service.,1.0,0,1,0,Classical,0,0,117.0,3,0,2,0,0,2,1,0,0,0,0,2,0,1,0,1,7.0,0.0,0.0,0.0,No effect,4,1.0,1,0,0,117.0,3
18.0,Spotify,4.0,1,0,0,R&B,0,0,,0,1,0,0,0,3,0,0,0,3,0,2,3,2,0,0,8.0,0.0,0.0,2.0,No effect,5,4.0,0,1,0,120.0,1
20.0,Spotify,6.0,1,0,0,R&B,1,1,89.0,1,0,0,1,0,2,0,2,2,2,0,3,3,3,0,1,4.0,1.0,1.0,0.0,Improve,7,6.0,0,1,2,89.0,0
19.0,Spotify,3.0,1,0,0,Hip hop,1,0,115.0,2,0,1,0,0,3,1,1,0,2,0,3,3,3,0,1,3.0,8.0,0.0,2.0,Improve,6,3.0,0,1,1,115.0,1
17.0,Spotify,4.0,1,0,0,Hip hop,1,0,144.0,2,0,0,0,0,3,0,0,0,3,0,2,0,3,0,0,7.0,0.0,2.0,2.0,Improve,5,4.0,0,1,1,144.0,4
23.0,Spotify,4.0,1,0,0,Video game music,1,1,105.0,1,1,3,1,1,1,1,1,0,3,2,2,2,2,2,3,10.0,8.0,10.0,0.0,Improve,8,4.0,0,1,2,105.0,0
18.0,YouTube Music,1.0,1,1,1,Pop,1,0,114.0,0,1,0,2,1,1,0,2,0,2,0,3,1,2,2,0,7.0,1.0,1.0,1.0,Improve,6,1.0,2,1,1,114.0,2
19.0,Spotify,2.0,1,1,0,Pop,1,1,145.0,1,0,2,0,0,0,0,2,0,0,1,3,0,1,2,2,5.0,9.0,1.0,7.0,No effect,5,2.0,1,1,2,145.0,4
89.0,Spotify,24.0,1,1,1,Rap,0,0,143.0,0,0,1,1,0,3,2,0,0,1,1,1,2,3,1,0,0.0,0.0,0.0,0.0,No effect,4,24.0,2,1,0,143.0,2
20.0,Spotify,5.0,1,1,1,R&B,1,1,128.0,3,2,0,2,0,3,1,3,3,3,0,3,3,3,3,2,10.0,6.0,3.0,8.0,Improve,12,5.0,2,1,2,128.0,2
16.0,Spotify,3.0,0,1,0,Rock,1,1,90.0,1,0,0,1,0,2,2,0,2,0,0,0,2,2,3,0,7.0,3.5,3.5,5.5,Improve,6,3.0,1,0,2,90.0,3
17.0,Spotify,4.0,1,1,1,Country,1,1,110.0,2,3,0,0,0,1,2,3,1,2,0,3,1,1,2,0,2.0,0.0,0.0,2.0,Improve,7,4.0,2,1,2,110.0,2
16.0,Spotify,9.0,1,0,0,Metal,0,1,130.0,1,0,0,1,0,0,0,1,1,0,3,2,1,1,3,0,10.0,10.0,10.0,8.0,Improve,3,9.0,0,1,1,130.0,1
20.0,YouTube Music,1.0,1,0,0,Pop,0,1,,2,1,1,1,1,2,1,0,0,1,1,3,1,2,1,3,8.0,9.0,6.0,5.0,Worsen,5,1.0,0,1,1,120.0,1
30.0,YouTube Music,1.0,1,1,0,Rock,1,1,115.0,2,1,1,1,1,1,1,2,0,2,2,3,1,1,3,2,9.0,7.0,8.0,4.0,Improve,7,1.0,1,1,2,115.0,2
37.0,Spotify,2.0,1,0,0,Folk,1,0,186.0,2,2,0,2,0,1,2,0,0,0,1,2,1,1,2,2,6.0,4.0,5.0,0.0,Improve,7,2.0,0,1,1,186.0,4
44.0,YouTube Music,1.5,0,0,0,Folk,0,0,99.0,1,3,0,3,1,2,0,0,0,0,0,1,1,2,2,0,8.0,5.0,9.0,4.0,Improve,5,1.5,0,0,0,99.0,3
21.0,Spotify,2.0,1,1,0,Metal,1,1,150.0,0,1,1,0,0,0,0,0,0,0,3,1,0,2,3,1,3.0,7.0,0.0,0.0,Improve,3,2.0,1,1,2,150.0,4
19.0,Spotify,4.0,1,1,0,Pop,1,0,149.0,2,2,0,1,0,0,0,0,0,2,0,3,0,0,0,0,9.0,1.0,0.0,9.0,Improve,4,4.0,1,1,1,149.0,4
23.0,Spotify,1.0,1,1,0,Rock,1,1,,1,1,2,2,0,2,1,1,0,2,2,3,2,2,3,3,8.0,6.0,1.0,4.0,Improve,10,1.0,1,1,2,120.0,2
26.0,Spotify,1.0,0,0,0,Country,1,0,120.0,2,3,2,1,0,1,0,0,0,0,1,2,0,0,2,1,4.0,1.0,1.0,6.0,Improve,5,1.0,0,0,1,120.0,3
18.0,Spotify,3.0,1,0,0,Video game music,1,1,140.0,2,0,0,0,0,1,2,0,0,1,1,1,1,1,2,3,6.0,5.0,3.0,1.0,No effect,4,3.0,0,1,2,140.0,4
35.0,Spotify,4.0,1,1,1,Hip hop,1,0,90.0,2,1,1,2,0,3,3,0,2,3,1,3,3,3,2,3,7.0,8.0,6.0,5.0,Improve,11,4.0,2,1,1,90.0,2
16.0,Spotify,8.0,1,1,1,Rock,1,0,120.0,3,0,1,2,0,0,1,1,1,1,1,2,1,0,3,2,8.0,9.0,5.0,10.0,Improve,5,8.0,2,1,1,120.0,2
19.0,Spotify,5.0,1,0,0,Metal,1,1,210.0,0,0,3,0,0,1,0,0,0,0,3,1,0,1,3,2,8.0,6.0,7.0,0.0,Improve,4,5.0,0,1,2,210.0,4
23.0,I do not use a streaming service.,3.0,1,0,0,Rock,0,0,,0,0,0,1,0,0,2,0,0,1,0,2,1,0,3,0,10.0,5.0,2.0,0.0,Improve,3,3.0,0,1,0,120.0,1
17.0,YouTube Music,8.0,1,0,0,Pop,1,1,95.0,1,0,3,0,0,2,1,0,0,3,0,3,0,1,1,3,5.0,2.0,4.0,7.0,No effect,5,8.0,0,1,2,95.0,0
29.0,Apple Music,1.0,0,0,0,Country,1,0,163.0,2,3,0,2,2,2,1,0,1,0,1,2,1,1,3,0,9.0,3.0,2.0,0.0,No effect,7,1.0,0,0,1,163.0,3
21.0,Spotify,4.0,1,1,1,Pop,0,0,97.0,1,2,0,2,2,1,2,0,0,0,0,2,2,1,2,0,4.0,6.0,3.0,4.0,Improve,7,4.0,2,1,0,97.0,2
17.0,Spotify,1.0,0,0,0,Metal,1,1,137.0,2,0,0,1,0,1,1,1,2,1,3,2,0,1,3,1,9.0,8.0,4.0,0.0,Improve,5,1.0,0,0,2,137.0,3
23.0,Spotify,2.0,0,0,0,Rock,1,1,,1,0,1,1,0,2,0,1,1,1,3,2,2,2,3,0,5.0,7.0,10.0,2.0,No effect,6,2.0,0,0,2,120.0,3
17.0,Spotify,1.0,1,1,0,Metal,1,1,70.0,1,0,1,2,0,0,0,0,3,3,3,2,0,0,3,3,8.0,3.0,9.0,2.0,No effect,7,1.0,1,1,2,70.0,2
22.0,Spotify,3.0,1,0,0,Video game music,1,1,150.0,1,1,2,2,0,1,2,1,1,1,2,3,1,1,2,3,10.0,10.0,6.0,8.0,Improve,7,3.0,0,1,2,150.0,4
17.0,Spotify,5.0,1,0,0,Hip hop,1,0,168.0,1,2,3,0,2,3,0,2,0,2,1,3,3,3,1,1,7.0,7.0,5.0,5.0,Improve,9,5.0,0,1,1,168.0,4
19.0,Spotify,5.0,1,1,0,Pop,1,1,163.0,3,2,1,0,1,1,1,3,2,3,1,3,1,1,2,1,10.0,8.0,1.0,0.0,Improve,7,5.0,1,1,2,163.0,4
19.0,Spotify,4.0,1,0,0,Pop,1,1,140.0,2,1,2,0,0,2,2,1,1,2,2,3,2,2,2,2,8.0,6.0,2.0,0.0,Improve,11,4.0,0,1,2,140.0,0
16.0,Spotify,6.0,1,0,0,Pop,1,1,105.0,1,1,2,1,0,3,2,3,3,1,0,3,3,3,0,0,10.0,7.0,6.0,10.0,Improve,8,6.0,0,1,2,105.0,0
19.0,Spotify,6.0,1,0,0,Pop,1,1,78.0,1,1,1,0,0,2,2,2,1,2,0,3,1,1,1,2,6.0,6.0,8.0,0.0,Improve,6,6.0,0,1,2,78.0,0
13.0,Spotify,1.0,1,0,0,Video game music,1,0,128.0,1,2,0,1,0,3,1,1,1,3,3,3,0,2,2,3,10.0,10.0,8.0,4.0,Worsen,8,1.0,0,1,1,128.0,0
18.0,Apple Music,18.0,1,0,0,EDM,1,0,90.0,2,1,3,0,1,2,2,0,0,2,2,1,2,2,2,2,9.0,8.0,5.0,10.0,Improve,10,18.0,0,1,1,90.0,0
26.0,YouTube Music,1.0,1,0,0,Metal,1,1,136.0,2,1,2,3,0,0,1,0,0,1,3,1,0,0,0,1,0.0,0.0,0.0,0.0,No effect,4,1.0,0,1,2,136.0,4
14.0,Other streaming service,7.0,1,1,0,Country,1,0,108.0,1,3,2,2,3,2,0,0,0,1,2,3,2,2,3,1,7.0,3.0,1.0,2.0,Improve,10,7.0,1,1,1,108.0,2
21.0,I do not use a streaming service.,0.5,0,0,0,Pop,1,0,95.0,0,1,2,0,0,2,1,2,0,3,0,3,2,2,3,0,6.0,2.0,2.0,0.0,Improve,8,0.5,0,0,1,95.0,3
21.0,Spotify,2.0,1,0,0,R&B,1,1,147.0,2,0,2,1,0,0,2,3,0,2,1,2,3,2,2,2,7.0,6.0,4.0,6.0,Improve,10,2.0,0,1,2,147.0,0
17.0,Spotify,2.0,1,1,0,Rock,1,1,120.0,3,1,0,2,0,2,1,0,2,1,1,3,0,1,3,0,7.0,6.0,0.0,9.0,Improve,6,2.0,1,1,2,120.0,2
18.0,Spotify,1.0,1,1,0,Pop,1,1,160.0,1,1,0,0,0,0,1,0,0,1,0,3,0,0,2,2,3.0,2.0,2.0,5.0,Improve,3,1.0,1,1,2,160.0,4
19.0,Other streaming service,6.0,1,0,1,Rap,1,0,120.0,1,2,2,1,1,3,1,1,1,2,1,2,2,2,1,1,2.0,2.0,2.0,2.0,Improve,7,6.0,1,1,1,120.0,2
19.0,Spotify,5.0,1,1,0,Classical,0,0,170.0,3,0,0,0,0,0,1,0,0,0,0,0,0,0,0,2,2.0,3.0,2.0,1.0,Improve,2,5.0,1,1,0,170.0,1
29.0,YouTube Music,2.0,1,0,0,Hip hop,1,1,98.0,2,1,3,2,1,3,3,2,0,1,0,2,3,3,3,1,2.0,2.0,2.0,5.0,Improve,10,2.0,0,1,2,98.0,0
